account_id,credit_score,monthly_income,balance,debt_ratio,delinquency_30_days,delinquency_60_days,delinquency_90_days,open_credit_lines,dependents,age,times_90_days_late,real_estate_loans,serious_delinquency,account_open_date
XAJI0Y6DPB,699,5213,14142,0.4564,0,0,1,6,1,23,0,1,1,2021-10-30
HSAHXTHV3A,636,4729,26581,0.2226,1,0,0,6,0,55,0,0,0,2022-01-25
3ZMF8MDD4V,714,8699,16983,0.3626,0,0,1,8,2,28,0,0,1,2020-02-06
30T9NT3W5U,802,12328,78715,0.3573,0,0,0,10,2,68,0,0,0,2020-07-27
ZBIKCIDKWN,626,7421,8658,0.3792,0,0,0,7,3,74,0,1,0,2022-12-27
NHJ7XVG0FN,626,9017,60535,0.2269,0,0,0,7,3,66,0,2,0,2022-12-11
9XUY41IBLJ,807,4313,20594,0.2264,0,1,0,5,0,73,0,2,0,2021-06-15
H75LXO6QJI,726,5298,3386,0.1359,0,0,0,9,1,54,0,1,0,2021-05-03
UJV6OH9SDB,603,11985,28805,0.111,1,0,0,6,0,79,0,1,1,2023-03-25
DW2PCN9T84,704,6741,27761,0.2385,0,0,0,6,2,37,0,1,0,2022-09-15
AZYTJXEPQ8,603,4250,22610,0.1973,0,0,0,8,0,57,1,1,0,2023-06-11
5JSG65KXVF,603,5011,27828,0.1436,0,0,0,15,0,43,0,0,0,2023-10-03
1T2TALA753,674,9157,66044,0.289,1,0,0,6,0,45,0,2,0,2021-12-31
LC58DRC11E,458,9659,36570,0.3283,0,0,0,8,2,24,0,1,0,2022-10-01
RTJ5PHT0HL,477,2965,1761,0.3635,1,0,0,7,2,28,0,0,0,2022-01-04
9XPSEIMVIH,593,6109,15279,0.4352,1,0,1,8,1,18,0,1,1,2022-01-01
CWI64CIYHE,548,4891,5857,0.0874,0,1,1,7,1,30,0,0,0,2020-05-14
7UR23GDPPQ,681,4725,32069,0.2064,0,0,0,5,1,22,0,1,0,2021-02-14
0Y9DOM5IGQ,559,10918,17740,0.4206,0,0,0,7,3,36,0,2,0,2021-12-24
PKI7P5TB94,508,4261,13580,0.2062,0,0,1,8,4,46,2,4,0,2021-02-10
874FRHOCN9,796,3479,5531,0.0506,1,0,0,5,2,34,0,1,0,2023-09-14
J2QP89UZFK,627,3013,13178,0.4579,1,0,0,7,4,56,1,1,0,2020-04-08
8UT0CVS4F8,656,4426,8707,0.4183,0,0,0,9,0,73,0,0,0,2021-12-04
CGVYIE6IVW,507,3161,19689,0.5072,0,1,0,10,0,74,0,0,0,2021-10-05
PVS7HZIOYK,595,2925,12233,0.5451,0,0,0,12,3,59,0,2,0,2021-01-16
L1CQ99CHJ7,661,2881,12158,0.6382,1,0,0,12,1,46,1,1,0,2021-07-31
55NF4ZW9XA,534,2985,22788,0.3362,2,0,0,6,0,67,0,2,1,2023-07-27
3KX7EEDTJV,687,3113,9056,0.2458,1,1,0,6,1,60,0,0,0,2023-09-10
ZHWJR64DPJ,589,6244,20951,0.0417,0,1,0,10,0,26,0,2,0,2020-06-29
A1WJ0TPAC5,620,1516,7488,0.0255,1,0,0,4,2,39,0,0,0,2021-02-18
6T4UFEL624,589,3225,9865,0.6989,1,0,0,6,0,25,0,0,0,2022-09-29
6HID25OWF7,835,4628,31087,0.4021,0,0,0,7,1,63,0,0,0,2021-03-27
5935A0L725,648,9790,45031,0.0425,0,0,0,11,3,25,0,2,0,2022-05-05
3J2D54I3QK,544,4240,2204,0.5568,1,1,0,4,0,42,0,0,0,2022-06-18
2IAGL58KXO,732,4482,13067,0.5679,0,0,0,5,1,76,0,2,0,2021-04-22
9T7E8G8JDP,527,4662,19781,0.2673,0,1,0,5,1,76,0,1,0,2022-12-03
0LVSNUJZA7,670,1645,10452,0.4023,0,0,0,4,2,20,0,1,0,2020-07-26
TZ0YNCXLL4,454,7298,44187,0.1326,0,0,0,8,4,66,0,0,0,2022-02-06
ZKLOOKEP7Y,517,7118,39335,0.109,1,0,0,6,0,64,0,1,0,2021-03-26
6WKTAKPUXQ,669,8012,54117,0.3313,0,0,1,6,3,46,0,0,0,2022-06-27
PHR62GDSWM,723,22103,46561,0.1401,0,0,0,7,0,48,0,1,0,2021-09-20
31YIHAIR4C,667,2254,8897,0.2599,0,0,0,12,3,23,0,1,0,2021-06-24
OWGZRIXA11,638,2012,9165,0.4707,1,0,0,9,0,68,0,1,1,2022-03-06
DPG8SBI4Q2,619,7506,58559,0.1606,0,0,0,7,1,31,0,0,0,2021-11-16
Y9V86WZS3T,502,4013,31390,0.3129,0,0,0,6,2,65,0,0,1,2020-03-06
60RJIW1SWJ,578,2720,11505,0.5787,0,0,0,8,0,27,0,1,1,2023-06-09
CKJLTEIYZC,603,4148,6494,0.0944,0,0,0,6,1,54,0,1,0,2022-01-10
OTOHP6VZ41,755,3391,24267,0.295,0,0,0,11,3,55,0,1,0,2022-11-07
NAM148P0TV,684,13833,9689,0.3894,0,0,0,5,2,40,0,1,1,2020-08-20
HHPBMYOFQE,473,19093,74259,0.51,0,0,1,4,0,66,0,2,0,2020-12-07
WAOUAXEQBN,682,1842,7804,0.2051,0,0,0,10,0,18,0,0,0,2021-11-22
HL1N13JCAT,611,2026,3246,0.2773,0,1,0,10,2,55,0,2,1,2021-02-13
9MX2X18HAF,582,3116,10240,0.5411,0,0,0,8,1,33,0,2,0,2021-10-08
EYUHZ1GV0E,711,3249,17991,0.3466,2,0,0,10,1,29,1,1,0,2022-01-24
38DALY8OZC,753,3086,17710,0.1075,0,0,0,5,0,65,0,1,0,2023-08-23
YWD14VE92M,743,4374,27733,0.1906,0,0,0,7,0,49,0,1,0,2022-07-07
PNSM43D8W3,566,3758,18038,0.3794,1,0,0,6,0,64,1,1,0,2021-10-01
ZP08J3TRP0,619,2181,5893,0.2585,0,0,0,8,1,35,0,4,0,2023-11-07
J43D5IQVNB,683,2654,1571,0.4836,0,0,0,5,2,24,0,0,0,2021-05-15
4GH2M5ZJA8,747,12429,62701,0.3637,1,0,0,13,1,42,1,0,0,2022-06-27
DZR1YXR2DH,602,3966,18732,0.218,1,0,0,8,2,70,0,1,0,2023-03-21
YLURTP0LZJ,631,3846,20205,0.059,0,0,0,9,3,35,0,3,1,2021-02-05
JEGET1GHR0,539,1973,14759,0.1218,0,0,0,9,2,69,0,2,0,2020-01-25
9SKDGIGATJ,530,3722,8499,0.2505,0,0,0,5,0,67,0,1,0,2022-11-16
9TZE5R5UQP,731,8747,50723,0.1594,0,0,0,5,0,76,0,2,0,2021-08-01
GB7R3OCWBF,785,7025,14069,0.106,0,1,0,10,2,25,0,2,0,2022-05-12
UK9E1V2ISQ,642,7995,51120,0.2349,0,0,0,11,0,60,0,1,0,2023-08-31
P49KWV08HH,750,2387,1742,0.0833,0,0,0,11,3,62,0,0,0,2021-12-07
XFGCAQVKIZ,686,2364,5950,0.5658,1,0,0,6,4,72,0,1,0,2021-02-10
ZQY72WX7PT,585,9701,23611,0.5086,0,0,0,8,2,28,0,1,0,2021-01-27
X63CFL0UKE,686,8068,55395,0.3199,0,0,0,9,3,50,0,1,1,2022-06-16
YZ7SRCBPLJ,803,4208,19388,0.2455,0,0,1,13,2,76,0,0,0,2022-05-05
D84U89YJB1,646,8199,29520,0.4002,0,0,0,10,0,34,0,2,0,2021-04-08
QX6GVWRDML,806,2387,5567,0.4902,0,0,0,11,1,28,0,1,1,2022-09-19
Y4LYK83TQL,388,2329,6802,0.1367,0,1,0,11,2,22,0,0,0,2020-04-24
L8OS9XTOGN,732,1862,11006,0.2043,0,0,0,10,0,47,0,1,0,2021-06-20
1W1HT7PZE9,658,6105,41982,0.229,0,0,0,8,0,56,0,0,0,2023-08-22
VIFTTD96QE,620,5597,6659,0.3984,0,0,0,9,1,69,0,1,0,2023-06-12
3RZSJ49ITN,659,3592,2186,0.7575,0,0,0,7,2,21,0,0,1,2021-07-26
7S55J2O7S3,451,3077,14209,0.5376,0,0,0,3,0,50,0,2,0,2021-12-15
KKV9RFTMTT,628,20925,141925,0.0333,1,0,0,8,2,68,0,1,0,2020-05-21
QLGZUI1B0Z,685,4207,2821,0.585,0,1,0,6,3,56,1,2,0,2022-08-22
3NX39RBSV5,797,11303,54700,0.2296,0,0,0,9,2,29,0,1,0,2021-05-26
5PSQ0OXFQ8,598,4501,29751,0.2372,0,0,0,13,0,71,0,0,0,2023-06-01
MYX444NLZ1,569,3639,4915,0.637,1,0,0,2,2,67,0,1,0,2022-06-05
5BCW790PDW,599,11498,36963,0.2798,0,0,0,4,1,63,0,3,0,2020-08-31
5PY6B2KNFT,741,7894,9914,0.1875,0,0,0,8,0,66,0,2,0,2021-10-28
U2GC5WI6FQ,682,4844,3812,0.2879,0,0,0,8,4,76,0,4,0,2023-05-25
JJA26YFPMV,597,9703,40806,0.1203,1,0,0,2,0,62,0,0,0,2020-09-02
XPJ4HNRIUU,701,22296,122314,0.3517,0,0,0,9,1,39,0,3,0,2020-10-27
9K9XJUY0BV,659,3167,23494,0.0658,0,0,1,8,3,27,0,1,0,2022-03-23
R6K2VMWWYZ,746,6522,18354,0.2395,0,0,0,7,0,40,0,1,0,2022-11-01
X4W6XLPU0D,579,3844,9433,0.4306,0,0,0,10,1,55,0,1,0,2022-09-16
K0GET8T63J,617,2805,14507,0.473,0,0,0,8,4,55,0,0,0,2022-03-31
3R30ME8F84,610,2759,20980,0.2886,0,0,0,9,3,47,0,2,0,2020-04-25
0982N2ATQY,503,12776,24183,0.3753,0,0,0,6,2,20,0,2,0,2020-12-20
YV37DIA5U6,679,1644,2284,0.1922,0,0,0,11,2,60,0,0,0,2023-05-16
HC36KOF8KR,676,6665,45486,0.3881,0,1,0,4,4,77,0,0,0,2021-10-03
D5EQY08P0F,650,2995,4507,0.4295,0,1,1,5,0,77,0,0,0,2023-11-21
ODRO8BNP84,626,14235,53575,0.3703,0,0,0,11,4,55,0,0,0,2020-02-08
DYT9MOGE4Q,508,4172,26536,0.1052,0,0,0,5,2,47,0,2,0,2020-01-12
XXVA2IEUC1,607,3950,13091,0.5216,0,0,0,12,1,68,1,0,0,2020-09-22
HH5LF6A4FE,615,12603,67691,0.5412,1,0,0,7,1,38,0,1,0,2022-12-02
JGXAA2ILGB,569,8317,53612,0.2671,0,0,0,7,2,47,0,1,1,2022-12-15
0S0R2SDS8B,633,6853,31173,0.3429,1,0,0,9,0,44,0,0,0,2021-08-01
25SQ8CROYR,690,7970,15945,0.3021,0,0,0,5,1,34,0,1,0,2021-08-04
6CCVCJWTL9,838,2565,5616,0.3363,0,0,0,10,0,78,0,1,0,2020-10-30
TQVDZ4X1ZH,667,7669,60410,0.4736,1,0,0,12,1,44,0,4,0,2021-11-02
QIMQODPXNF,675,4361,28715,0.2426,0,0,0,5,2,60,0,0,0,2023-02-08
7C3DD03UVU,642,6103,17669,0.5598,0,0,0,8,1,76,0,0,0,2021-01-16
LEMX15Z8VM,458,6573,12075,0.2897,0,0,0,2,0,27,0,0,0,2022-07-04
UHXID4N1U3,647,2524,6583,0.5876,0,0,0,6,1,40,0,2,0,2022-09-16
493WXA73JG,656,7018,46725,0.1198,0,1,0,10,0,55,0,0,0,2020-05-21
ZLMA5UOFWB,850,4394,21819,0.4874,0,1,0,7,2,61,0,0,0,2020-07-13
0HPMNZ1UDB,630,2335,13258,0.0775,0,0,0,9,1,39,0,1,0,2023-07-07
FWYJXRPJ1E,680,4501,24413,0.6102,0,0,0,6,1,20,0,1,0,2023-03-12
PKYRYBOVAK,646,4974,34372,0.0685,0,0,0,8,0,58,0,0,1,2020-03-23
HEJLA0GNZS,533,7017,55502,0.5624,0,0,0,8,0,79,1,1,0,2020-08-14
43C5BA75UU,764,1172,6128,0.1136,0,0,0,15,1,43,0,0,0,2021-08-22
ZPEAL2W37D,725,6203,31232,0.475,2,0,0,15,1,24,0,0,0,2023-10-05
4IVSOLMLGS,729,3615,4848,0.1542,1,0,0,7,1,45,0,2,0,2020-10-03
ES6M033IFH,559,7989,59209,0.116,1,1,0,6,1,54,0,1,0,2023-12-07
V1XG1R11Q7,790,4909,4762,0.6342,0,0,0,7,0,41,0,1,0,2020-01-07
UWW5WFCPKJ,509,4023,22458,0.2087,0,0,0,5,1,23,0,1,0,2020-12-01
CSLQC3C54W,708,4418,26821,0.23,0,0,0,10,3,58,0,2,0,2022-02-19
SQT26Q3XLR,850,6003,17959,0.3547,0,0,0,6,1,76,0,0,0,2022-01-12
FCD6MZSGIP,550,8473,10817,0.0773,0,0,1,11,2,28,0,1,0,2022-09-18
PSFNKOMV2X,593,2879,10612,0.2558,0,0,0,4,3,20,0,0,0,2023-04-30
CDYK0X65MU,659,3999,9192,0.4128,0,0,0,5,2,26,0,1,0,2022-05-16
FM8ZOV7LN2,599,11868,58800,0.2652,1,0,0,10,0,26,0,1,0,2023-08-06
3Y30YSXPNN,494,3957,3014,0.4856,0,0,0,8,0,52,0,1,0,2020-12-04
GH8RIEC4D1,656,6126,5275,0.1374,1,0,0,11,1,61,0,0,0,2021-06-04
45BM1ENF31,543,2343,11237,0.2967,1,0,0,6,0,70,0,2,0,2023-10-06
3FPOYIPK0Q,697,1756,2697,0.2556,0,0,0,6,2,33,0,0,0,2022-12-25
TL3Q4N89QK,558,2632,8408,0.5988,0,0,0,10,1,52,1,0,0,2021-10-08
NS832EJX5T,804,3248,22938,0.2306,1,0,0,9,3,62,0,2,0,2021-04-01
D44K1J6FP8,571,9172,6285,0.2005,2,0,1,10,0,58,0,0,0,2023-12-26
HQMABSI9NB,617,9795,15884,0.2705,0,0,0,9,5,41,0,0,0,2021-08-11
74X2EK3ZEZ,731,1548,11284,0.139,1,0,0,2,5,68,0,0,0,2023-06-12
QACJ4T0SEK,526,3551,11901,0.2752,0,1,0,7,0,42,0,1,0,2022-11-17
KBP2QD6VAS,672,7470,24279,0.4838,0,2,0,4,1,71,0,1,0,2020-11-14
IFPWIOXD9C,780,4613,21447,0.3259,0,1,0,4,4,57,0,1,0,2021-05-06
SS9TOQW9JA,489,12121,46014,0.0332,0,1,0,11,5,57,1,3,0,2021-07-09
2M0W10LBT3,668,7362,46433,0.1975,1,0,0,8,4,63,0,1,0,2020-11-11
G2QZW3C1QK,675,4185,10917,0.1828,0,0,1,9,2,76,1,0,1,2022-08-09
BHB7S9TJ1G,728,4415,7214,0.0492,2,1,0,7,0,64,0,1,0,2023-09-21
M25LEN606N,526,4750,22134,0.3267,0,0,0,7,1,45,0,1,0,2023-06-23
9RR7S20CV3,517,2958,11921,0.1672,0,1,0,5,1,25,0,0,1,2022-12-30
TLCXLVPYMB,702,8634,27598,0.2948,0,0,0,6,1,44,0,2,0,2022-06-21
5M9J98CWN2,679,7672,25566,0.2337,2,0,0,5,3,24,0,0,0,2021-11-23
Y8FV2BC2NN,675,6454,47291,0.2481,0,0,0,5,3,25,0,0,0,2021-06-20
UVY8N1UTOX,684,5684,36671,0.4178,1,1,0,9,2,31,0,1,0,2020-02-02
IE0RNUJJQ9,581,2667,5333,0.2126,0,0,0,10,0,21,0,1,0,2023-07-27
K6RE4Q6QDY,673,6650,25425,0.0315,0,0,0,8,3,43,0,2,0,2023-08-26
4LMCT64Z7W,679,5310,32652,0.56,0,1,0,3,0,28,0,1,0,2023-12-20
2SEHE2ATN2,578,16339,71747,0.4521,0,1,0,7,2,35,0,0,0,2021-01-05
TWDL9ZS13C,836,2262,16971,0.323,0,0,0,10,5,56,0,0,0,2021-01-25
9XQYM52XG8,697,3184,18582,0.274,0,0,0,13,1,71,0,2,1,2022-01-11
P6BEFFLZM7,530,1896,2944,0.2756,2,0,0,10,1,74,0,2,0,2023-03-18
64JWTEKTSG,715,4312,15075,0.5726,0,0,0,4,2,59,0,1,0,2022-07-02
7FXZV4U3BB,552,1729,11979,0.4317,0,0,0,8,0,75,0,0,0,2023-01-11
XUX1OXRWK8,728,10009,35107,0.2377,0,0,0,6,4,59,0,0,0,2021-01-23
R2YKCCPRHV,765,9464,40907,0.0953,0,0,0,9,1,60,0,0,0,2022-02-09
LZ049ENULQ,567,4465,29529,0.1005,0,0,0,7,1,70,0,1,1,2021-05-25
JIDKNWI5FL,746,2675,1740,0.5767,0,1,0,10,3,22,0,3,0,2023-09-14
UL1RSRLA8S,691,1969,2131,0.0247,0,0,0,1,1,79,1,1,0,2022-03-13
8HMBR5XQT4,732,3221,8013,0.1291,0,0,1,8,0,74,0,1,0,2023-10-28
P501NOUHTC,839,7152,44669,0.6378,1,0,0,7,0,71,0,1,0,2022-04-09
S1K9YE9O2M,625,3064,7877,0.2779,0,0,0,13,2,72,0,1,0,2021-09-22
71HSSBELRQ,574,15446,55673,0.3653,0,0,0,3,0,27,0,3,1,2020-10-31
VSLWF90KM3,561,12021,37029,0.0185,1,0,0,11,1,74,0,1,0,2023-09-15
TZK3NY9V20,568,4917,31971,0.2668,1,0,0,12,1,44,0,1,0,2022-12-20
YAR821UZVG,642,3725,18813,0.5134,0,0,0,9,4,79,1,0,1,2022-11-01
WW4FYB8DAL,684,3492,7438,0.1615,0,0,0,10,0,59,0,0,0,2021-11-30
FYO1750CEH,677,12823,91363,0.4601,0,0,0,3,5,56,0,0,0,2023-02-17
LXSLG6MM1Z,732,3314,1928,0.1363,0,0,0,10,2,37,0,2,0,2021-05-31
XYVGIUI9KK,651,8609,31297,0.4604,0,0,0,10,0,31,0,0,0,2023-01-29
HZLM72JEYN,795,4979,32234,0.5796,1,1,0,6,4,30,0,2,0,2021-07-16
9382KKZMPJ,623,7541,29787,0.1748,1,0,0,10,1,33,0,1,0,2022-02-08
RHT7ZEWVIY,850,3004,7839,0.282,0,0,0,4,0,73,0,1,0,2023-04-28
TWBOZD1AT7,712,4024,29735,0.0664,0,0,0,6,2,46,0,0,0,2020-07-01
O75RH8LX6D,564,4843,26688,0.0641,0,1,0,13,0,77,0,1,1,2021-08-17
UT076G5G79,542,3364,15350,0.0941,1,0,0,6,5,40,0,1,0,2023-11-20
OR7875AUD9,698,10399,77524,0.5879,0,0,0,10,3,52,0,0,0,2020-07-13
K9TR74QGEF,627,3107,22736,0.195,0,0,0,12,0,60,0,2,0,2023-10-13
QJG02U1G46,721,3476,10750,0.192,0,0,0,9,1,55,0,2,0,2022-10-30
3SDYGFLIJI,697,11105,34636,0.193,0,0,0,7,2,77,1,2,0,2023-08-02
18K0AXYCEL,642,9886,26744,0.234,0,0,0,7,2,46,0,1,0,2021-10-23
OS6ZLE6KWH,565,12743,33452,0.2727,0,0,0,8,1,34,0,1,0,2020-06-08
EF0VOTQTXH,498,1564,2464,0.1935,0,0,0,9,1,36,0,3,0,2021-10-23
I15CQZCUCT,605,5543,29409,0.3248,1,0,0,9,0,51,0,1,0,2023-06-14
SUFLSEHUDS,735,5188,14258,0.3173,0,0,0,7,0,54,1,1,0,2023-08-26
3QSQCQ30O3,671,3508,13545,0.6167,0,0,0,15,2,44,0,0,1,2022-06-29
0UBMC97C7B,525,5971,24330,0.1342,1,0,1,7,0,73,0,3,1,2023-03-16
O119XP9N56,667,4052,22383,0.2314,1,0,0,5,5,38,0,0,0,2021-04-01
NYXTXMGTT0,688,5416,36223,0.4436,0,0,0,9,2,22,0,1,1,2022-11-06
IAAKYTT3IM,561,37840,293913,0.6307,0,0,0,9,2,34,0,1,1,2020-04-06
J70E3P15AH,665,5944,22554,0.3088,0,0,0,7,0,72,0,1,0,2020-10-25
DBVZB0OIH5,655,6096,42085,0.0551,1,0,0,8,1,21,0,2,0,2022-10-11
CSK30LVYLK,535,8044,36179,0.5812,0,0,0,4,2,68,1,1,1,2023-08-24
FXHKC856WP,685,5477,41118,0.1152,0,0,0,5,1,34,0,1,0,2022-07-24
R97Y2LOFN1,706,2543,15770,0.4181,2,0,0,13,1,38,1,0,0,2023-12-06
R4KZ36U8UE,758,1829,10322,0.2892,0,0,0,16,0,75,0,1,0,2021-01-11
IHX74D0GJY,755,4829,17542,0.4114,0,0,0,8,2,60,1,1,1,2021-12-02
V5G10UR5L8,512,4181,11610,0.01,0,0,0,11,3,49,0,1,0,2021-03-22
A78E9RIVH6,556,1512,9906,0.2349,0,1,0,6,1,70,3,1,0,2021-08-21
T1NTMJSRD9,701,13064,63424,0.3845,1,0,0,6,0,78,0,0,0,2020-10-08
Q46NOUHFJ7,701,5240,5691,0.2708,1,1,0,9,4,43,0,1,0,2022-02-02
UPFLN4RXYJ,701,11656,43864,0.408,0,0,0,13,2,64,2,1,1,2023-11-19
38XRG2GZR7,850,1288,2045,0.3166,0,0,0,9,3,33,0,0,0,2023-10-22
TXCB48Y1O4,707,11791,8334,0.232,0,1,0,8,5,53,0,2,0,2022-10-20
IZASNWYWRR,763,3673,29168,0.1414,1,0,0,6,2,44,0,0,0,2022-05-23
ATATJ9A3Y3,745,10461,47782,0.3978,0,0,0,11,3,63,0,2,0,2023-03-04
6DDFGS3JON,715,5591,36861,0.274,1,0,0,10,2,79,0,0,0,2020-09-01
OU9IY4X41D,618,6450,25008,0.2603,0,0,0,9,5,74,0,3,0,2022-02-12
NTCAGRP2U4,725,6455,33977,0.2402,0,0,0,8,1,38,0,2,0,2023-09-30
DTBH55RBC7,572,3808,30189,0.297,0,0,0,4,1,65,0,0,0,2023-11-21
6UB7L8V1ZO,626,3334,18034,0.136,0,1,0,9,0,21,0,1,0,2021-04-29
CFI4O6L1F9,601,3957,6808,0.4853,0,0,0,9,0,50,0,0,0,2022-03-25
0S9BP4M18O,658,2032,13003,0.0826,0,0,0,7,2,42,0,0,0,2022-08-22
1BJ9RM7PYX,850,3683,27512,0.4441,0,0,0,7,2,33,0,1,0,2020-02-23
DW2ZCFZW0L,463,3235,9437,0.0678,0,0,0,10,0,33,0,1,1,2022-01-06
DALMJEGQTO,718,2003,4360,0.3405,0,0,0,7,1,60,0,0,0,2022-04-02
AMDVLNKND6,488,6471,16085,0.2448,0,1,0,9,2,70,0,1,1,2023-03-22
69UGNEKRCP,602,4937,8651,0.4597,0,0,0,6,3,33,0,0,0,2021-06-06
PRCJIWVHDK,758,5696,11888,0.3427,0,0,0,9,2,20,0,1,0,2021-12-25
8LW2LM349E,656,7468,42296,0.2172,0,0,0,10,0,70,0,1,0,2021-09-19
L8HL88KZRU,542,4261,13898,0.1784,0,1,0,4,0,45,0,3,1,2020-10-10
IN3OEUVTYT,578,2798,19996,0.088,0,0,0,10,0,57,0,2,1,2020-02-26
8QZPKY32OR,717,5897,18810,0.4986,0,0,0,4,0,58,0,2,0,2022-03-14
WIXZ2C9ROS,576,851,6286,0.17,0,1,0,11,2,18,0,1,0,2020-07-02
7YT2M6TWD1,671,4606,6902,0.4015,0,1,0,3,1,23,0,0,0,2023-01-26
XMXB9YO18P,654,7778,5861,0.2094,2,0,0,11,3,28,0,1,0,2022-02-10
AJSSUUQO1V,584,9211,58694,0.5294,1,0,0,11,0,43,0,1,0,2022-11-04
SMADO8E7FL,850,3577,22383,0.3231,1,0,0,11,0,68,0,2,0,2021-04-28
QHRRPZLK3E,713,1280,7341,0.219,0,0,0,8,2,50,0,1,0,2021-08-21
4XYF9IGFU8,447,1012,3704,0.5818,0,1,0,7,1,20,0,1,0,2022-03-11
IOGXPBWHVN,668,7207,14396,0.1559,0,0,0,9,3,40,0,0,0,2022-10-06
ZH13CD5GLQ,583,3974,8849,0.2035,0,0,0,6,4,39,0,2,0,2023-03-29
J5SXVWVM4W,735,16487,107298,0.1561,1,0,0,9,2,55,1,0,0,2021-11-19
3ZKWDEEKGY,570,2107,15925,0.3237,1,0,0,7,0,63,0,1,0,2023-05-12
SPENGWYX9T,638,6035,46075,0.2021,0,0,0,5,0,40,1,0,0,2021-02-20
RFLQBMAE38,700,13325,44087,0.1673,0,1,0,7,2,61,0,1,0,2023-05-29
SRYO4RCB1K,736,5562,29981,0.0616,1,0,0,11,0,52,0,2,0,2021-11-14
JTGQ01TEE1,529,1890,5308,0.5826,0,0,0,11,3,56,0,2,0,2022-07-10
3N3BZT9D31,616,25940,178944,0.2262,0,0,0,9,1,77,0,3,0,2023-04-08
K9QM3P91I3,602,12687,62730,0.0619,0,0,0,10,1,43,0,0,0,2022-09-03
VMZWFFHHCM,584,4288,29830,0.7469,1,0,0,7,2,66,0,1,0,2023-12-14
KTLZKJ49YD,826,8033,48966,0.3129,0,0,0,8,1,62,0,1,0,2021-08-21
82795E5IZ3,690,8085,18974,0.337,0,0,0,11,4,74,1,2,0,2021-08-30
1YRUJOQW5D,523,7223,5280,0.3547,0,0,0,8,4,18,0,1,1,2020-02-05
SK7N8LA100,741,2145,16889,0.1608,1,1,1,10,4,75,2,4,0,2023-05-02
QXMCTHPHJ3,850,5969,23337,0.1604,0,0,0,16,5,25,0,1,0,2020-12-15
MUURMYBD2Q,753,11806,30220,0.2025,1,0,0,6,1,27,0,0,0,2021-04-13
E4PA8HYEXF,498,6652,43823,0.2227,0,0,0,11,3,67,0,0,0,2022-01-31
7JXJN6FOKZ,601,6237,11130,0.2379,0,1,0,12,1,30,0,0,0,2020-08-21
IXZAREIYAZ,776,3561,15321,0.4562,0,0,0,11,0,23,0,2,0,2023-03-06
39PECN0DL5,579,2857,10411,0.437,0,0,0,11,1,47,1,2,0,2021-07-09
E11E9FTAXP,694,1913,2772,0.2779,0,0,0,7,0,34,0,1,1,2023-02-25
0WFOY4DD1V,727,7742,43077,0.1227,0,1,0,3,1,71,0,1,0,2020-04-20
N8LFJDTVV2,557,4304,30658,0.1209,0,0,0,8,0,62,0,2,1,2022-08-01
Y4XKSS0KB6,644,2197,16402,0.6469,0,1,0,8,0,20,0,0,1,2020-07-16
8RERVT997E,325,8829,41235,0.0639,0,0,0,9,5,44,1,1,0,2021-09-03
4UNY181ACJ,547,3455,2110,0.135,0,0,0,10,1,31,0,0,0,2023-08-10
BC2SWSOZCT,624,2937,9982,0.231,0,0,0,8,0,70,0,1,0,2022-08-01
WJLSH3TOW4,525,3649,16865,0.6126,0,0,0,11,2,24,0,0,0,2021-05-10
YCZ04CDPQV,813,4377,33976,0.171,0,0,0,10,2,40,0,1,0,2020-03-05
L00EZZF8S2,506,6469,24781,0.6103,0,0,0,10,2,40,0,0,1,2022-04-26
ZGE2J51B3J,605,2906,9129,0.0826,0,0,0,4,0,79,0,0,0,2020-05-28
CZUCQMRUNJ,663,9011,66880,0.274,1,0,0,9,0,77,0,1,0,2020-09-29
DU0ISB5IQN,794,6571,25044,0.2948,0,0,0,10,2,74,0,0,0,2021-08-06
F74T60PLOZ,506,3609,27684,0.0534,0,0,0,9,3,52,0,1,1,2020-11-17
JCNS6G298C,766,4465,12879,0.1149,1,2,0,4,1,63,0,1,0,2023-06-12
QK4LTAHUKW,651,3813,23230,0.3214,0,0,0,8,0,49,0,0,0,2022-09-03
QVR1H61IAO,551,5112,34893,0.5386,0,0,0,8,4,62,0,0,0,2020-12-10
IM458AX40D,696,12233,87497,0.1527,2,0,0,4,0,76,0,0,0,2022-09-27
TIRC9ZD76S,669,3790,10338,0.4109,0,0,1,3,3,45,0,2,0,2021-01-11
ZN9DDE3CUP,589,5506,43386,0.4691,0,2,0,12,0,51,1,0,0,2022-06-06
8IJL2Z0LJC,656,3231,19613,0.0957,3,1,1,12,2,35,0,2,0,2022-04-08
H2VFFQOT8H,611,6762,11060,0.2814,0,0,0,13,0,30,0,0,1,2023-04-26
LJEFY3ZB4L,661,5801,35944,0.2474,0,0,0,8,1,61,0,1,0,2021-07-18
DIMSYJ9BOQ,716,10913,73709,0.2342,0,0,0,10,0,25,0,0,0,2022-01-16
0IQ2FA39E3,808,2988,5576,0.1587,1,0,0,11,2,42,1,1,0,2022-12-05
NWXUJ3AC6P,526,7437,13199,0.2667,0,0,0,12,0,29,0,3,0,2020-10-17
E63LBQGU3O,850,10492,15547,0.2925,0,0,0,8,2,28,0,1,0,2022-07-28
BYGHGK5BWI,454,3779,15945,0.2607,0,0,0,5,0,71,0,0,0,2020-04-28
KOTCKEH5SW,634,4554,26752,0.3885,0,0,0,9,2,49,0,3,0,2021-02-24
2292MTR6SN,708,5510,18415,0.4502,0,0,0,11,0,63,1,2,1,2020-11-09
GLH62C9T19,678,4264,3991,0.2666,2,0,0,8,0,35,0,0,0,2020-04-25
9DXJ37C9H4,587,5466,17478,0.0815,1,1,0,8,1,38,0,1,0,2020-07-19
2M44GV3Z6B,629,7361,42433,0.207,0,0,0,7,1,50,0,1,0,2020-12-13
Z8UUG95RLR,600,4589,5657,0.328,0,0,0,6,0,23,0,0,0,2021-12-22
DIHSA7HEZ7,591,4568,21354,0.3844,0,0,0,7,1,48,0,1,1,2020-02-18
4LAV71448N,734,5767,28999,0.1835,0,0,0,11,0,26,0,1,0,2022-10-24
7ODKEF828X,685,3868,20818,0.038,0,0,0,11,4,37,0,0,0,2021-05-09
G8Y72IVGLY,580,3984,12327,0.1178,0,0,0,7,2,69,1,0,0,2020-07-31
E088O98BV7,739,2866,21366,0.1945,1,1,0,10,0,63,0,1,0,2021-04-25
8HU7F0I9G5,680,4792,38155,0.76,0,0,0,11,3,33,0,2,0,2023-01-02
DZX5QJICJD,731,6429,43569,0.2897,1,0,0,7,2,38,0,1,0,2023-06-23
AN085RNTDR,712,4181,5513,0.1646,1,1,0,9,0,68,0,2,0,2022-05-13
5XYFC4KL8C,567,3089,7751,0.1289,0,0,0,2,4,69,1,1,0,2022-12-04
GN0T6DVWRB,593,4639,9320,0.1716,0,0,0,11,5,42,1,0,1,2022-04-13
7F6FDHGZZ0,724,6236,5592,0.2235,0,0,1,11,3,62,0,1,0,2020-09-12
JKIBU4FMPK,711,5306,38318,0.4074,0,0,0,4,0,24,0,0,0,2020-03-25
XVHAGKC4LO,647,18727,35807,0.218,0,0,0,6,1,58,1,1,0,2021-04-28
RXDTG5NQJQ,661,3314,11007,0.3484,0,0,0,5,1,79,0,0,0,2020-10-31
IJC1YDMT8V,777,4490,14873,0.2464,0,1,0,7,0,60,0,1,0,2020-06-29
T43PT5R5RC,590,7844,49643,0.1307,0,0,0,11,3,70,0,0,0,2022-09-06
6ZS62YWE1G,704,3239,12501,0.3303,0,0,0,11,0,74,0,0,0,2020-10-26
983EP9P9W4,629,15629,51315,0.2038,0,0,1,7,1,43,1,2,0,2023-01-09
J66CNOLJQ5,628,4928,12267,0.3472,1,0,0,7,3,37,0,0,0,2023-10-10
2WSPOFV177,759,6882,30639,0.4186,1,0,0,7,5,67,0,2,0,2020-01-23
UDKTMONRVB,732,4971,6747,0.3173,0,0,0,10,1,21,0,1,0,2022-08-04
JFVYB6LI07,731,9055,46438,0.5738,2,0,0,12,0,55,0,1,0,2021-04-25
6A3KKRZD5E,780,2597,17334,0.134,0,0,0,8,2,39,0,1,0,2021-09-06
9P3JPXGH30,652,12620,94093,0.1973,0,2,0,8,1,37,0,2,0,2021-03-28
153SFLSE45,718,5647,29561,0.1355,0,0,0,6,0,37,0,0,0,2020-06-02
BG34IQ7ZJ3,618,7295,48618,0.2446,0,1,0,11,2,66,0,0,0,2023-07-30
SWEBNVG5VM,682,3155,6934,0.2053,0,0,0,5,1,25,0,1,0,2021-11-23
F60YKNFU84,636,6017,26212,0.5981,0,0,0,10,0,28,0,2,0,2022-08-21
XYJOA21A6X,659,2749,7228,0.307,0,0,0,5,0,56,0,0,1,2022-12-06
VAJ2K8XPNM,709,9950,79583,0.5495,0,1,0,9,1,72,0,3,0,2020-03-25
JQY3ODSX4N,568,2266,7520,0.2816,1,0,0,7,3,28,0,1,1,2021-04-12
XVKDC9X5JZ,850,5391,11717,0.2082,0,0,0,10,0,36,0,1,0,2023-10-22
6KF1622VXY,549,3893,24489,0.2833,1,0,0,8,4,68,0,0,0,2021-09-11
ZX9JPNBZUG,528,1924,7589,0.1765,0,0,0,7,0,69,0,2,0,2020-01-17
0IT26YS445,765,2803,4071,0.275,0,0,0,7,1,33,0,0,0,2021-08-10
GDEJ31GYMD,729,6436,41275,0.1764,1,0,0,6,1,59,0,0,0,2020-10-10
M0L2LJK4Q5,712,2869,11812,0.2613,2,0,0,4,2,77,0,2,0,2023-12-18
V7C6S5NKB4,712,3289,21109,0.1885,0,0,0,5,1,25,1,1,0,2020-12-03
EHOU6QLZ2R,648,6148,37712,0.1908,0,1,0,8,0,21,0,1,0,2022-04-12
WGWAJ1G1R1,560,8509,40646,0.2577,1,1,0,4,0,47,0,1,0,2023-08-18
DWWO8NBHNA,657,7306,43105,0.2787,0,0,0,12,2,35,0,0,0,2020-02-15
L3GYWIYMEN,582,4779,33082,0.2973,0,0,0,7,0,73,0,1,1,2020-02-10
VG3KK0VM59,747,5600,21648,0.7285,0,0,0,12,2,78,1,0,1,2021-08-14
M6MG87OI0E,635,5277,40480,0.4661,0,0,0,6,0,49,0,0,0,2021-05-14
0VGNXB5JTB,567,2639,4920,0.3636,0,0,0,5,0,41,0,0,1,2023-02-03
9XXAYPNTRF,617,5811,45159,0.3335,0,0,0,3,1,38,0,0,0,2022-05-16
ZWKXXJVE3D,691,2625,5905,0.1734,1,0,0,8,0,34,0,0,0,2021-06-14
ZEEDHHJSHZ,593,7105,30569,0.33,1,0,0,2,0,59,0,1,0,2023-11-19
KBRH7LAY64,567,5329,21444,0.4414,0,0,0,5,2,64,0,2,0,2023-03-16
YFDS0DJI9K,674,1341,1277,0.4598,0,0,0,12,2,21,0,1,0,2021-08-29
QDGBK2L0D1,674,8843,17087,0.1192,0,0,0,10,2,55,0,1,0,2022-01-16
B4XGMPW5D3,599,3593,24161,0.5185,0,0,0,9,1,24,0,1,0,2023-10-06
GO8JN42X2E,602,3419,8785,0.3774,1,0,0,4,0,26,1,3,0,2021-05-25
ZC7FOV2YGN,673,8721,4780,0.0307,0,0,0,9,1,30,0,2,0,2020-06-17
MBY49E7EOB,505,4456,29783,0.1351,0,1,0,8,0,45,0,0,0,2023-05-07
JLZY1UU9YM,509,7033,53734,0.3039,1,0,0,5,4,37,0,4,0,2021-08-02
SZDXIMYN4U,578,3320,14910,0.3467,0,0,0,13,0,25,0,0,0,2020-11-05
9BXF445CRI,628,7960,39660,0.6388,0,0,1,14,0,31,0,0,0,2021-05-30
8BIXOIQ2Q4,681,5532,7462,0.1487,0,0,0,9,2,20,0,0,0,2023-04-25
QERXDOUADV,797,6266,47655,0.544,0,0,0,6,1,70,0,0,1,2020-10-31
WKSHY8NBIQ,735,4415,9228,0.1644,0,0,0,13,0,42,0,1,0,2021-10-16
UWRXZE1HM3,634,13067,60359,0.3189,1,0,0,4,1,75,0,1,0,2022-06-19
8KSZBFFZZD,648,15097,116822,0.4726,0,0,0,11,0,27,0,0,0,2023-04-07
VG7OQ2ZDO7,549,1309,5049,0.1651,0,1,1,7,1,61,0,0,1,2021-08-10
4V1QX8ERTB,648,8568,10263,0.5004,0,0,0,8,0,39,0,2,0,2020-01-28
74RS7GU0EN,621,2571,5435,0.2212,0,0,0,8,0,76,0,0,0,2022-05-09
V5SN961J88,682,6672,6911,0.1105,0,0,0,10,0,64,0,1,0,2022-03-12
QEOZ0KZ4Z7,567,1691,5970,0.4961,0,0,0,8,1,26,0,1,0,2020-08-02
WHWKMY9X8S,701,6260,30786,0.3421,0,0,0,8,3,30,0,0,0,2022-10-14
YLEMRUYP04,803,2975,11506,0.2559,0,0,0,5,1,58,0,1,0,2021-02-15
K43SAFYH1F,639,3732,11506,0.2423,0,1,0,5,0,49,1,0,0,2021-12-10
KJ4YK1B3D5,690,3792,6625,0.2054,0,0,0,8,2,48,0,0,0,2020-04-24
050UI22KX7,719,3162,18154,0.386,0,0,0,5,3,30,1,0,0,2023-10-03
N89LTAJW25,609,3214,24866,0.3907,0,0,0,7,1,48,0,0,0,2020-10-27
36ZX1TV18K,672,3870,11520,0.3445,1,0,0,8,0,72,0,0,0,2021-09-30
GYGGSNPUEV,651,4481,19747,0.3662,0,0,0,4,1,64,0,1,0,2022-06-01
JLZFFLB7WX,659,5966,10370,0.5075,0,0,0,4,3,45,0,2,0,2020-10-08
RUM2LHGCSO,572,15009,15891,0.2751,0,1,0,9,1,59,0,0,0,2023-11-21
TDHHLMH1T9,652,2784,4880,0.321,0,0,0,10,1,57,1,1,0,2021-08-02
39AYQ6WW8Y,699,5302,6315,0.3874,0,1,0,6,5,54,0,0,0,2021-10-23
L68NTK63N2,795,7813,40053,0.7396,0,0,0,5,2,27,0,0,0,2023-10-15
QB6GS8G8TA,745,3212,17389,0.1947,1,0,0,8,0,24,0,0,0,2020-07-26
CY15PDTZ91,850,1268,10130,0.3022,1,0,0,3,0,74,0,0,0,2020-01-16
X70FQLDB2U,573,1563,12407,0.3141,0,0,0,6,0,28,0,2,0,2023-09-05
UIJNWPAYTX,737,1296,4942,0.3787,0,0,0,6,1,22,0,0,0,2023-06-24
W1VZC7D2KD,668,12382,27489,0.1622,1,2,1,11,2,65,0,0,0,2022-09-28
1POXRTEO2T,850,7104,29690,0.4097,1,0,0,3,0,22,0,0,0,2022-09-06
8FY620N8TT,569,7735,55942,0.0405,0,0,0,4,1,67,0,0,0,2021-10-23
EAVT8K06MO,566,8855,49713,0.2465,1,0,0,10,1,60,0,2,0,2021-02-24
XSFH4GG244,590,3479,17891,0.2628,0,0,0,6,0,71,0,1,0,2020-12-09
79QTKCD0RL,437,19571,111902,0.096,0,1,0,11,0,50,0,1,1,2023-12-18
EXDW6LQWLV,597,6010,9887,0.1023,0,0,0,11,3,55,0,0,0,2023-07-10
UNLPAIH0P4,574,4704,15803,0.1606,1,1,0,5,0,50,0,3,0,2022-04-15
E05QMKTGV4,665,9566,18583,0.348,0,0,0,7,0,41,1,4,0,2021-08-14
4FTJ5CCASB,684,7334,55880,0.177,0,0,0,9,2,61,0,1,0,2023-02-26
UOV6TT9Q1N,837,10949,21453,0.3834,1,0,0,5,2,34,1,2,0,2020-12-18
I10KQSOSX4,745,11342,21121,0.4227,0,0,0,8,0,45,0,0,0,2023-01-28
3WFSQG8X80,592,3976,29014,0.5643,0,0,0,8,0,63,0,1,0,2022-10-13
RMHRCNBH6N,560,5498,41886,0.3634,0,0,0,5,4,40,0,1,0,2020-08-20
QQB9LZS34J,699,2848,16635,0.241,0,0,0,6,0,50,0,2,0,2022-07-27
TGXNX4SN6S,517,1850,14778,0.109,0,0,0,6,0,42,0,1,0,2023-09-11
M5RRVSFFCX,833,8119,7128,0.2361,0,0,0,3,3,49,0,0,0,2023-03-30
HGNZEI3ZRR,767,8727,51452,0.3538,0,0,0,7,3,47,0,1,0,2020-07-03
HF4ABUFWBU,603,1496,2850,0.0882,0,0,0,8,1,32,0,2,0,2020-10-04
CJG8VUAZXK,478,3196,10620,0.0308,0,0,0,9,0,25,0,1,0,2021-11-04
DQ95G3V23G,785,5082,13748,0.4955,0,0,0,14,0,72,0,1,0,2020-12-16
XJ0MQVINDH,638,5382,37768,0.1734,0,1,0,8,0,55,0,1,0,2023-08-09
4SPFDRWB2S,773,16764,23143,0.2076,1,0,0,9,5,67,0,0,0,2023-02-19
EREV361XSN,490,3373,9502,0.5999,0,0,0,5,2,71,0,2,0,2021-04-18
BTI22NV01Z,590,4434,27372,0.4622,0,0,0,7,1,18,0,0,1,2020-06-07
DERI4K5OGZ,650,7258,44360,0.2491,0,1,0,3,2,32,0,2,0,2020-04-16
2UEAXYLNFX,654,3983,18160,0.3167,0,1,1,8,2,29,0,1,0,2023-05-02
J4PNJY1O2R,604,3630,23948,0.1737,1,0,0,11,0,40,0,1,0,2020-09-25
NTJLMZ04X0,712,3455,3927,0.4671,0,1,1,10,1,68,0,0,0,2020-09-24
QZFHOMTZZF,543,5652,3031,0.3132,0,0,0,11,3,56,0,1,0,2022-07-18
8ADF7PCHCB,635,4423,5636,0.2357,0,0,0,14,0,45,0,1,0,2020-12-16
N9WSZV83XP,662,7401,49122,0.1607,0,0,0,11,3,42,1,1,1,2021-09-22
HX2KBVSIGB,701,6090,25686,0.7237,1,0,0,9,2,39,0,0,1,2022-05-19
IAF92MOVS0,721,854,2888,0.0288,0,1,0,9,0,51,0,1,0,2021-07-14
CDK36M8JVH,537,1718,3878,0.3923,0,1,0,5,0,44,1,2,0,2020-05-29
7UJODCK828,496,3639,5362,0.223,0,0,0,8,1,55,0,1,0,2020-07-13
53UY8U118Q,777,8848,42867,0.1723,0,0,0,10,3,73,0,0,0,2023-06-11
QVAECW9YIL,683,3324,17629,0.447,1,0,0,5,0,24,2,0,0,2020-07-27
8SA3IDY3C7,575,6153,5382,0.3725,0,0,1,8,2,46,0,2,0,2021-09-11
RM6J8Y6RH0,805,7038,7363,0.1115,0,0,1,13,2,57,0,2,0,2021-03-26
5HHIWFD7YX,661,6796,40532,0.1585,1,0,0,2,0,71,0,1,0,2023-10-10
W1TBRWR965,767,3538,13317,0.3122,0,0,0,10,0,53,0,1,0,2023-01-23
R96KHUB2RT,656,2467,7088,0.3518,1,0,0,8,2,72,0,1,0,2023-02-11
SOYG9ZQYAH,850,2236,9227,0.182,0,1,0,10,0,29,0,0,0,2020-04-18
ULWJTIQWNR,825,29218,57336,0.3055,1,0,1,5,1,51,0,0,0,2022-10-30
HZN4KGEUID,625,6459,4488,0.1974,0,0,0,4,0,38,0,0,0,2022-10-03
JIPNF8F3GR,747,14829,46117,0.1606,1,0,0,7,1,20,1,1,0,2022-11-17
94SZ2KUUOY,714,2981,8797,0.3564,0,0,0,5,1,35,0,0,0,2021-12-08
C3RWQMMU7J,786,10394,36564,0.2807,0,0,0,5,3,40,0,1,0,2022-05-24
AE58HUXG2M,553,3691,15799,0.1157,0,0,1,17,1,68,0,2,0,2022-03-17
YR06NKWFG3,718,4830,31397,0.2037,0,0,0,8,1,54,0,2,0,2020-09-16
MWU4CFILKJ,755,4138,30157,0.1394,0,0,0,8,0,57,0,2,0,2022-11-21
XJQ5NV8OGA,474,2899,5315,0.7036,1,0,0,11,0,28,0,0,0,2021-05-28
0X7ZCGDC5T,531,2926,10187,0.1064,0,0,0,2,0,45,0,1,1,2022-04-19
AO1CJFX5LI,446,4800,3247,0.5749,0,0,0,10,1,77,0,2,1,2021-03-30
KWE4BX4LR9,623,3455,18463,0.157,0,0,0,9,3,41,0,0,0,2023-06-17
TJQ8ZGVWWU,721,5303,16497,0.1152,1,1,0,8,3,58,0,1,0,2022-11-04
SXLMT2PNJK,800,2972,11105,0.1915,0,0,0,13,0,68,0,1,0,2023-12-30
A34MQA78RA,657,7513,7517,0.5218,0,0,0,8,3,34,0,1,0,2020-01-30
PKIANOUOF0,812,3729,25445,0.6091,0,0,0,8,0,26,0,0,0,2021-05-19
ONJPI163YK,511,13123,78645,0.5573,0,0,0,9,0,62,0,0,1,2022-10-10
03O4GKWWJW,479,4767,8176,0.3336,0,0,0,9,2,73,0,1,1,2022-03-04
GABTGDJZ0I,644,4622,2511,0.1759,1,0,1,7,0,45,1,0,1,2022-10-01
FRML29Q2L4,688,12863,17700,0.3947,1,0,0,9,2,49,0,0,1,2023-09-11
8C1CQG433E,646,3651,15275,0.2045,0,0,0,7,2,59,0,3,0,2023-11-08
1I1P0BQ1S9,443,3850,25372,0.6143,0,0,0,9,2,72,1,0,0,2023-11-28
RYLLWB7SJW,641,3227,19032,0.4392,0,1,0,6,0,69,0,3,0,2021-04-14
H55HEWLGJE,519,5556,29377,0.0367,0,0,0,6,3,48,0,1,1,2020-11-13
2AB2RVNDFD,716,3161,20520,0.3631,0,0,0,10,0,18,0,1,0,2021-04-19
W79WCXZ2EI,686,7832,33976,0.4425,1,0,0,3,2,78,0,2,0,2023-10-30
9212PGYME6,556,4779,26242,0.1856,0,0,0,9,0,33,0,1,0,2020-11-02
RPKZGGM0J3,598,8130,54970,0.0765,0,0,0,10,0,71,0,1,0,2022-08-23
6TCFKJNAWN,544,7598,35391,0.3273,0,0,1,7,0,50,0,0,1,2021-04-13
GA41IZXTNS,643,3613,18210,0.3475,0,0,0,8,3,24,0,1,0,2020-07-27
RTWLXDSC4E,745,3158,16316,0.3624,1,0,0,7,2,48,0,1,0,2020-08-21
5HRDU4XSZJ,551,4035,30136,0.462,0,1,0,14,4,32,0,2,0,2021-12-14
NVC7HR6C2C,700,4940,19323,0.2676,0,0,0,6,1,51,0,2,0,2021-11-02
U7ONZ3JBCK,596,6005,7080,0.395,0,0,0,5,2,59,0,0,0,2021-06-03
88D0TGSIWG,570,6419,45129,0.2266,0,0,0,10,2,54,0,3,0,2022-03-03
0ODWMQX5GG,639,4821,4431,0.2004,1,0,0,4,0,32,1,0,0,2020-01-20
OMF9PML9LN,546,3265,2762,0.1755,0,0,0,5,5,70,0,1,0,2022-01-09
1P0VUH17J8,594,3456,6788,0.2127,1,0,0,6,2,77,0,1,0,2023-07-21
QO09VS9KKH,530,6707,7046,0.3155,0,0,0,7,0,76,0,1,1,2020-09-03
4A3YJTU7FB,846,3327,14683,0.1973,1,0,1,4,2,75,0,0,0,2022-08-04
MENUI3DO70,653,6878,48627,0.2663,0,0,0,5,0,62,0,3,0,2020-03-04
02G3YU6VK0,580,7014,16349,0.0977,1,0,0,7,0,60,1,0,0,2021-09-14
UCC1M3O55I,671,12336,10803,0.471,0,0,0,4,0,69,0,3,0,2020-01-24
XVA1NKBTFS,638,3683,8802,0.3414,0,0,0,9,1,44,0,1,0,2021-01-07
HB0OQVSHKO,627,4043,10823,0.3502,0,0,0,8,0,71,0,1,0,2020-06-19
ECUBODS1EE,711,1227,8581,0.4614,0,0,0,2,2,53,1,1,0,2023-02-21
URXHW0IC1L,725,2791,15153,0.1375,0,0,0,4,0,54,0,2,0,2023-09-29
7DYPMLVAK9,596,2769,4465,0.2598,0,1,0,6,2,26,0,1,0,2020-06-25
W9PFB3HN14,592,6656,17779,0.3557,0,0,0,10,1,62,2,3,0,2021-10-15
EB8753AYEQ,622,14536,75940,0.1062,1,0,0,9,0,67,0,1,0,2022-01-24
AHTHSJR0FZ,419,6963,6263,0.2593,0,1,0,7,1,48,0,2,0,2020-04-08
AUXBGK2WBX,498,8905,49804,0.1609,0,0,0,7,0,23,0,1,0,2022-10-03
ANJ4X5A5XI,786,3207,22631,0.3834,0,0,0,11,3,67,0,0,0,2022-11-18
N9DL5TGSQ7,814,2395,16774,0.0987,0,0,0,7,0,45,0,1,0,2021-09-11
AITMOFMMWI,625,4250,4010,0.1161,0,0,0,14,0,48,0,0,0,2022-01-11
9S3W563BTK,707,3380,22184,0.1243,1,0,0,5,2,54,0,2,0,2022-07-21
F6XDN8WWII,681,2931,12488,0.1597,1,0,0,11,0,38,0,0,0,2023-10-08
F86LTHET25,850,5602,23822,0.0712,0,0,0,6,0,57,0,1,0,2020-03-18
LZSE99F77L,761,2412,11667,0.2402,0,0,0,16,3,22,0,0,0,2021-12-14
U8EL5015OO,637,8069,28752,0.3562,0,0,0,11,5,31,0,1,0,2020-10-20
P767J2DG1W,554,3867,22645,0.1904,0,0,0,3,0,51,0,1,0,2020-07-11
JUIIYMYRSV,489,4783,13947,0.1452,0,0,0,2,1,29,0,2,0,2020-11-01
ZN4REGB1AJ,670,5218,31850,0.1751,0,0,0,4,2,71,0,1,0,2020-03-09
O091C795RL,574,3714,27656,0.6592,0,0,0,11,2,61,0,2,0,2021-05-10
QIOB0NLW0V,507,10502,15347,0.3474,0,0,0,10,0,55,1,2,0,2020-04-12
S52SQ3B9SO,585,1875,7197,0.195,1,0,0,11,1,61,0,2,0,2021-10-29
0USWBKOK3Q,541,10614,6798,0.1614,0,0,0,11,1,55,0,2,0,2020-03-23
PWBSF3Q0E2,818,3990,15176,0.1061,0,0,1,6,1,56,0,1,0,2022-09-16
7ZEOQGVZHQ,738,8539,32270,0.1215,2,0,0,13,1,72,0,0,0,2020-11-11
JY62ZEEQNS,649,5545,32985,0.6718,0,1,0,11,1,50,0,3,0,2020-04-02
N2S8NN16UX,797,8186,25854,0.5842,2,0,0,6,1,49,0,1,0,2023-11-28
F5GZPL1QWE,657,4577,32727,0.0532,0,0,0,5,0,41,0,0,0,2022-05-09
EHWJQ4TA5I,563,5670,19795,0.079,0,1,0,7,3,64,0,1,1,2021-12-19
VROCVITWU3,802,9497,44108,0.4701,0,0,0,10,1,71,0,0,0,2021-02-02
BFXB4Y4K7B,703,5205,12735,0.3153,0,0,0,12,1,53,0,1,0,2020-08-01
PGYVYV2GQU,546,10916,18233,0.4451,0,0,0,11,1,64,0,0,1,2022-11-13
7DKNNCPTKE,630,6071,32980,0.5771,0,0,0,5,3,63,0,1,0,2020-05-18
ZJSSZWD0W9,562,3166,11574,0.2148,0,0,0,11,0,51,0,1,0,2023-10-20
RY79KVLS9M,511,3972,20377,0.2317,0,0,0,12,1,29,0,1,0,2021-09-08
EUSWRGVZ9A,742,8373,42407,0.168,0,0,0,5,2,75,0,1,0,2020-09-06
AWE429OMUW,840,2335,9735,0.183,0,1,0,9,1,68,0,4,0,2020-08-25
AHK2LSLAYM,510,7908,21868,0.3535,1,0,0,6,0,36,0,2,0,2023-05-06
0WBGLMY62X,706,3946,7798,0.0605,0,0,0,4,5,79,0,0,0,2022-02-28
RW6TM2O04K,584,2266,4231,0.451,0,0,0,10,1,49,0,3,0,2021-03-22
0LTHY25M8K,601,5565,25204,0.2919,1,0,0,7,0,54,0,3,0,2020-05-29
B9W4UOV51Z,590,3228,8796,0.5491,1,0,0,7,0,76,0,0,0,2022-04-21
LBORIQ8HKE,563,3487,16362,0.1088,0,1,0,10,3,59,0,2,0,2020-02-15
226PARSG70,654,3376,21851,0.4253,0,0,0,4,2,24,0,1,0,2022-07-13
S1F537YE0Q,566,5265,22384,0.0829,1,0,0,10,1,62,0,0,1,2023-12-10
ZSA7YVDQBS,677,3889,15687,0.2985,1,0,0,7,2,37,0,1,0,2022-11-14
XLUL6LGJLP,644,6214,47388,0.3742,0,0,0,8,0,34,0,2,0,2023-04-30
EFJAWSHMLF,626,9022,29949,0.4766,1,0,0,10,0,49,0,0,0,2023-11-11
ZKICWMPEQY,559,6802,4917,0.3563,0,0,0,7,2,47,0,2,1,2020-10-27
DBPGVV4ZWL,592,14518,103263,0.199,0,0,0,15,0,42,0,1,0,2021-08-07
3ZYT91QE37,725,16828,36740,0.1783,0,0,0,6,1,79,0,0,0,2022-12-30
QQYZQII4W6,700,4129,20564,0.1836,0,0,0,5,0,35,0,1,0,2023-03-06
OZX25QBRMQ,552,2461,18536,0.1951,0,0,1,8,0,69,0,1,0,2021-11-04
G1VED32LX2,659,4132,25146,0.6387,0,0,0,10,3,60,0,1,0,2020-01-15
TOOWT9NM3V,725,5276,35633,0.0609,0,0,1,7,0,37,0,0,0,2023-02-11
2P2TIXC7UR,483,18684,68683,0.1607,0,0,0,8,2,62,0,1,0,2021-12-31
VQT3G8CD31,704,3924,15475,0.4355,0,0,0,9,1,23,0,0,0,2022-11-19
NRXD356WAF,583,5806,5490,0.101,0,0,0,6,3,36,0,0,0,2020-02-02
FTOUHYLU6K,707,3265,18007,0.5101,0,0,0,10,0,51,0,2,0,2022-07-27
7P9MDA9OEK,573,3991,24273,0.271,1,0,0,6,0,66,0,0,0,2021-08-07
NTBZ3M55IZ,469,2371,10603,0.5132,0,0,0,6,2,39,0,1,0,2021-01-30
OLNNTXRGN7,487,2043,14088,0.1376,0,0,0,6,3,59,0,0,0,2022-09-02
4F9YECAZRP,654,11120,14686,0.5346,0,1,1,5,2,67,0,0,1,2020-07-29
9DXOQ2VPGS,675,9318,10807,0.1738,1,0,0,4,2,34,0,0,0,2022-10-18
TQMGVU4ISO,559,3937,5784,0.4365,0,0,0,4,1,61,1,0,0,2023-07-25
TN9UZERYF0,713,9302,64854,0.3459,0,0,0,5,2,25,0,1,0,2021-12-22
992QC6DR08,483,2243,4264,0.6232,0,0,0,5,0,57,0,0,0,2023-01-16
CW2LBM2QSQ,643,4429,4623,0.136,0,0,0,6,0,40,0,2,0,2023-05-13
0P82KB700U,528,5456,35194,0.1821,0,0,0,7,0,38,0,3,1,2020-09-04
CRGB93WKCS,584,10505,60240,0.1805,2,0,0,11,1,56,0,1,0,2021-11-06
4KEK4AEGVF,654,5533,9394,0.3984,0,1,0,11,0,22,0,0,0,2020-01-18
Q3JZR25MDF,563,6814,42420,0.2523,0,0,0,15,0,53,1,0,0,2021-03-22
7FR91IPWH0,611,3707,10038,0.1683,0,1,0,8,3,59,0,1,0,2021-08-08
MX1EGOK01T,750,5758,4145,0.2651,0,0,0,11,2,40,0,5,0,2021-03-17
NZRF5A7QY8,592,10494,7991,0.603,1,0,0,6,0,64,0,0,0,2023-02-08
YB7W8P74MJ,733,1863,2624,0.3197,2,0,0,8,0,50,0,0,0,2020-04-06
DXO100VHMY,537,9717,64568,0.2684,2,1,0,11,0,22,1,1,1,2023-01-06
GTY3ADDQHK,702,4333,15082,0.1884,0,0,0,9,5,64,1,1,0,2023-04-24
GAD7X48WZE,794,2114,7045,0.361,0,0,1,6,0,49,0,1,0,2020-05-17
4EX6U86ZJQ,402,4186,26999,0.2792,1,0,0,9,1,62,0,3,0,2022-02-20
7W7JP61LFC,570,10657,56983,0.6795,0,0,1,5,5,64,0,0,1,2021-08-16
1NLC8JPR7V,707,3679,26184,0.1516,0,1,0,10,1,55,0,0,0,2021-07-14
GRF1HX6ZDC,629,5881,4037,0.2199,0,0,0,6,1,54,0,1,0,2020-11-01
UJQ6FX7XJZ,687,1867,3261,0.4878,0,1,0,7,0,72,0,2,0,2021-11-28
6US7RP422T,589,1643,11342,0.2393,0,0,0,10,1,77,0,1,0,2023-09-02
A83RU7MYOW,658,2575,19837,0.2331,0,0,0,8,0,57,0,3,0,2023-01-31
8DT8CQ1XGB,634,9024,24465,0.2144,1,0,0,6,0,69,2,0,0,2022-01-27
NGZ6WMDW0F,766,4767,3695,0.1231,0,0,0,7,0,63,1,0,0,2022-01-20
GZVRCTLT4Q,675,9507,5533,0.2134,0,0,0,8,1,73,0,2,0,2023-10-25
9BC2BE3YQY,683,9846,7060,0.5599,0,0,0,11,5,56,1,1,0,2022-12-17
5FU7BFXQ7B,608,3118,16968,0.2667,2,0,0,2,1,46,0,0,0,2020-03-14
ZEGBL2QGV3,601,12584,30046,0.251,0,0,0,10,5,28,1,1,0,2022-06-17
DR2H2P39YL,606,3545,11629,0.1652,0,0,0,12,0,22,0,1,0,2020-12-03
9UE421VMEF,689,8957,29388,0.4032,0,0,0,10,0,72,0,1,0,2020-11-06
OZTP7BD4W1,607,8740,20613,0.1653,0,0,0,2,4,54,0,2,0,2020-05-02
ARAGDX5O31,678,5110,9448,0.2223,2,0,0,7,1,76,0,1,0,2022-01-11
YHXSO7VBGR,850,5115,22593,0.4134,0,1,0,9,0,39,0,1,0,2023-07-05
8W2MAIETDN,737,5956,6033,0.2474,0,0,0,9,1,45,0,0,1,2020-12-04
1TH1XJG2Y8,617,5267,20722,0.4689,0,0,0,7,3,39,0,0,0,2021-09-14
RGYBXKPM21,770,3889,14181,0.5178,0,0,1,5,0,27,0,0,0,2023-12-10
B07G2RE6ZV,609,3693,9895,0.3982,0,0,0,6,2,62,0,0,0,2020-04-26
LHYL2LD05N,446,3907,4359,0.153,0,0,0,9,0,54,0,3,0,2022-01-23
HQR6F7QNEZ,549,10208,55388,0.276,0,0,0,6,0,59,0,2,0,2023-06-12
W9HEYCE4QG,462,1895,9506,0.4982,0,0,0,9,4,77,0,2,0,2021-11-28
M5V2WWG84D,614,3647,22124,0.6211,1,0,0,15,0,77,0,1,0,2022-12-30
4R9V4K00IL,651,4041,18147,0.3396,0,0,0,5,0,40,0,1,0,2023-07-01
U6VFUA9BQ1,817,4286,18566,0.4486,1,0,0,9,1,30,0,0,0,2020-01-13
BTR23QIUA0,682,5872,13681,0.1698,0,0,0,7,1,65,0,1,0,2021-05-23
8EKXDRKZ40,628,2188,7622,0.0937,1,1,0,11,0,35,0,0,0,2023-08-03
AQ15O2NQW4,732,9092,41101,0.0717,1,0,0,11,0,24,0,0,0,2023-11-21
C6LBPJ8T22,428,8368,8788,0.2779,0,0,0,9,0,66,0,3,0,2023-03-01
C50B8Y5DNW,673,7365,42558,0.4472,0,0,1,7,3,55,0,2,0,2022-09-15
NGUCZH9IER,727,4339,32475,0.4175,0,0,0,7,1,62,0,0,0,2023-04-16
7U8H0IMJYJ,502,3155,24519,0.3716,1,0,0,4,4,53,0,2,0,2021-07-02
CMRSEZYTKW,764,4043,26645,0.1545,1,0,0,9,0,18,0,1,0,2021-10-03
2837C6QC6K,683,5097,33484,0.7108,0,0,0,6,0,68,1,0,1,2021-03-30
8DJZR5SWK8,608,7329,12749,0.3706,0,0,0,7,1,45,0,0,0,2022-06-21
TEMPXKC5I8,713,4680,13838,0.0943,0,2,0,8,0,47,1,2,0,2023-11-11
XOMXLVZ4QK,850,6101,37896,0.2772,0,0,0,2,0,72,0,0,0,2022-01-30
E2GJR81BMQ,668,3788,2952,0.1864,0,0,0,7,0,50,0,4,0,2020-01-05
F7ZK94YXFI,674,5835,6527,0.1335,0,0,0,3,1,43,0,1,0,2023-12-29
BLEJGUBLMN,604,4232,22389,0.1054,2,0,0,2,0,33,1,0,0,2020-04-01
TFK7ORFQLA,565,5771,21683,0.4255,0,1,0,9,0,46,0,0,0,2020-01-02
09LZRK79UF,733,1702,9570,0.3022,0,0,0,6,1,25,0,1,0,2022-01-15
U6PY06FTLO,564,6583,15966,0.3409,1,0,0,10,3,50,0,1,0,2020-08-30
4QDBXVH7KA,657,6795,7528,0.6734,0,0,0,7,1,45,1,0,0,2020-03-09
TQYDSHLV76,602,6750,45363,0.5358,0,0,0,6,0,59,0,2,0,2022-05-14
MF4NNKM95D,697,2717,17307,0.0284,0,0,0,7,3,77,0,0,0,2020-12-30
0P92K38P6F,683,3209,12737,0.5187,1,0,0,7,2,62,0,2,0,2022-08-09
VDHR59C81D,753,2918,20728,0.0685,0,0,0,12,0,52,0,1,0,2022-06-07
O6OUZ1EGNT,598,5990,13010,0.5864,0,0,0,6,0,32,0,0,0,2023-09-27
B34KUQAAJ8,623,7294,23732,0.2692,0,0,0,8,5,63,0,1,0,2023-04-06
4RX6PRYIEJ,552,3235,7506,0.0628,0,1,0,8,2,40,0,0,0,2023-01-05
9C0UU5WRYE,605,10822,12440,0.4783,0,0,0,6,0,51,0,0,1,2022-02-24
SU4FCL5EFJ,687,10736,57930,0.6047,0,0,0,8,3,22,0,0,1,2020-04-25
P6MKT7S1GD,725,5338,26351,0.3548,0,0,0,4,1,42,0,0,0,2022-12-20
1T53YKYYDU,557,6139,23539,0.2471,0,0,0,10,1,22,1,2,0,2020-02-14
3ASNRM6DFH,736,1794,12467,0.3078,0,1,0,4,0,42,0,1,0,2021-03-25
G6W3STT1EQ,785,3578,15036,0.1726,0,0,0,10,3,45,0,1,0,2022-07-27
C37RLN36V1,691,2318,8986,0.3767,0,0,0,6,3,47,0,2,0,2020-10-30
MZB3I4FIEE,837,2846,15968,0.2279,0,0,0,10,3,49,0,1,0,2022-01-09
CY2C11BD2S,572,6692,5241,0.2259,0,0,0,10,0,43,0,1,0,2020-05-29
CEJCY127H6,525,7735,20030,0.3242,0,0,0,7,0,23,0,1,0,2021-08-03
GMD478MFS0,472,7932,53561,0.2285,1,0,0,5,0,58,0,4,1,2022-09-12
IUDUAHGK6T,799,5681,8372,0.534,0,0,0,6,2,72,0,1,0,2020-09-16
9DHSZNVP8G,715,6727,44684,0.1684,1,0,0,10,0,29,0,0,0,2022-10-03
MNHIE9EDE1,644,1894,9961,0.1991,0,0,0,8,1,35,0,0,0,2022-07-14
ZUBLEKVL9P,677,2267,14755,0.1764,0,0,0,5,0,29,0,1,0,2022-12-07
TK4GC4RYG9,537,4334,4704,0.1848,2,0,0,9,1,77,0,3,1,2023-02-01
RDPXDFOVD7,850,7033,40726,0.0935,0,0,0,7,0,33,0,1,0,2021-04-14
9C9MV9E40K,662,3757,23818,0.2047,0,0,0,2,3,74,0,2,0,2020-01-26
ZUJ2XORVOR,660,2172,1496,0.4514,0,0,0,12,0,50,0,0,0,2022-06-26
K1DJRWEDBC,722,3245,19326,0.2452,1,0,0,9,1,26,0,0,1,2023-03-31
Y8NYFWDC11,698,2807,11673,0.5586,0,0,0,9,0,59,0,0,0,2021-02-03
2HXRJM4T8B,672,1746,1041,0.1183,0,0,0,11,2,38,0,1,0,2021-02-08
P6NLNQBU4K,570,18669,99923,0.372,0,0,0,10,3,52,1,0,1,2020-01-24
ZREZRDYXYU,697,10298,23800,0.0902,0,0,0,12,1,24,0,0,0,2023-03-24
R4SOR8WM9L,838,1502,11622,0.3659,1,0,0,14,0,69,0,0,0,2020-06-28
BB4M0A6MDM,784,1551,12153,0.0285,0,0,1,8,5,32,0,2,0,2022-11-18
MMXIXV6CKM,809,3030,1584,0.5721,1,1,0,7,0,74,0,1,1,2022-10-24
ALQ5U6JZV9,598,2011,3030,0.107,1,0,0,4,0,56,0,1,0,2020-01-09
NOU3DYMS1M,551,20528,89488,0.07,1,0,0,7,2,26,0,0,0,2023-12-14
WNPR424TKB,637,3036,15828,0.2914,1,0,0,8,2,20,0,1,0,2022-06-22
9OI0D4DMC2,655,6105,32012,0.6421,1,1,0,11,0,58,0,1,0,2022-01-29
RH2XK2PTHO,759,3628,21427,0.2776,1,0,0,6,1,60,0,2,1,2020-11-22
WQ1GAZ5UH8,480,2439,4420,0.0553,0,1,0,6,3,62,0,0,0,2023-08-17
0Q7TW1PUWS,802,9213,25327,0.0771,0,0,0,10,1,51,1,2,0,2020-06-19
NFFYKPL3CH,634,7280,33018,0.1325,0,0,0,10,0,60,1,2,0,2021-03-15
O3XJVOEGI3,607,4742,7408,0.1735,0,1,0,9,2,36,0,1,0,2021-01-04
QUPXBFEJ2X,548,20520,135123,0.01,0,0,0,11,4,60,0,3,0,2021-04-24
G48RA4DV56,484,5659,36129,0.532,0,0,0,5,4,47,0,2,0,2023-11-26
ONXD70FE07,732,3737,20985,0.1835,2,1,0,9,0,52,0,1,0,2022-10-05
S387J5IE3L,657,15508,46398,0.1785,0,0,0,7,2,45,0,2,0,2021-09-26
VO0IPFG8PJ,521,6262,30445,0.2314,0,0,0,9,0,24,1,1,0,2022-07-24
VRN8LPY857,520,13052,7040,0.3802,2,0,0,10,2,29,0,0,1,2021-09-11
NZ3A8V4X7Y,616,4800,24000,0.1396,0,0,0,9,2,39,0,2,0,2021-06-15
2ITL8N3E54,816,805,702,0.335,1,0,0,11,5,65,0,1,0,2023-01-31
N6O9JD3IH6,624,1928,4155,0.1052,0,0,0,7,0,34,0,2,0,2020-06-18
6W51OB537Q,499,9410,29287,0.2284,0,0,0,1,0,45,0,1,0,2020-07-13
O4Z533ZSMV,625,3451,18432,0.2326,0,0,0,8,0,62,0,0,0,2021-03-18
30QABXW2EO,622,5721,13244,0.3162,0,0,0,9,0,23,0,1,0,2020-10-31
WLCFS8314Y,380,9704,14353,0.2928,0,0,0,14,1,56,0,2,0,2021-08-30
2LR0JY32HO,644,5473,23113,0.4517,1,0,0,10,2,63,1,0,0,2021-03-23
G585I87XW6,626,2934,17989,0.1745,0,0,0,6,1,39,0,1,0,2021-01-01
9HZGOPJDN8,719,4882,16742,0.0953,1,0,1,14,0,77,0,3,0,2022-09-08
EZP7QYEZG5,834,5240,36353,0.4842,0,0,0,5,2,69,0,0,0,2020-03-12
2KRE4V9KYP,762,3847,29081,0.1028,1,0,0,5,3,60,0,0,0,2022-12-20
OFKJW6NYQA,623,2140,12530,0.5233,1,0,0,4,2,60,0,0,1,2020-11-24
ELYYZZ0JDC,539,3970,26028,0.2659,0,0,0,5,4,49,1,0,0,2023-04-01
LI6978V0BJ,850,4648,21642,0.0438,1,0,0,6,5,58,0,0,0,2020-01-04
WKON8UUJS7,655,2067,9963,0.2828,1,0,0,3,0,43,0,1,0,2023-05-11
5ELTFEBE54,651,2833,2195,0.0981,0,0,0,7,4,52,0,1,0,2023-05-26
07K5W1JL6L,647,3196,14322,0.0923,1,0,0,7,5,35,0,0,0,2021-12-23
91F4X2BFIB,669,1609,7171,0.094,0,0,0,4,2,21,0,0,0,2021-08-20
JZP97BMZRR,635,5307,24913,0.5413,1,0,0,7,0,36,0,0,0,2021-12-25
45ED5GGSJ6,592,5665,12357,0.4306,0,0,0,8,1,58,0,1,0,2020-09-02
VV8SUOC1Y5,595,3545,12063,0.3713,0,1,0,5,3,48,1,0,0,2020-08-22
AYYOV84FC3,646,2162,16469,0.1262,0,0,0,10,0,37,0,0,0,2022-09-15
XQ8VA8X8L0,595,6274,43229,0.4478,0,0,0,3,0,45,0,2,0,2022-07-03
08UHBXLBC8,578,6820,26604,0.2169,0,0,0,6,0,78,0,1,0,2020-03-02
NOG85D4F2K,660,5214,18964,0.7209,2,0,0,8,1,19,1,2,0,2022-05-16
1XERP3LYEX,624,5038,32129,0.1004,1,0,0,7,3,68,0,1,0,2020-04-11
3SR5RUP13W,800,7018,24461,0.2856,0,0,0,6,0,79,0,0,1,2021-04-10
PPBMQIYFRW,384,4641,23227,0.0269,1,0,0,9,0,27,0,0,0,2020-07-17
SKP6RFE64S,759,2833,19923,0.3872,1,0,0,9,1,37,0,1,1,2020-01-01
KBCBDPDXUJ,774,4711,9183,0.2576,0,0,0,9,2,73,1,0,1,2020-05-07
JCSEXGGOC5,442,3884,23544,0.2122,0,0,0,3,0,44,0,1,0,2020-01-20
KVQYWJ85GG,615,4711,37598,0.1375,0,0,0,4,4,51,1,0,0,2021-05-28
0V5DTAEGRY,612,8354,6565,0.465,0,0,0,9,3,48,0,0,0,2021-08-10
58VRW9MYYO,509,2389,1723,0.2459,2,0,0,10,2,23,0,0,0,2020-04-27
KEAEA84HXX,572,5466,31316,0.3995,1,0,0,5,1,76,0,1,1,2022-08-03
PW2GKQRAFF,538,2317,8873,0.2805,0,0,0,12,2,66,0,4,1,2021-06-23
Z8Q4VHU4BA,825,2833,5308,0.1574,0,0,1,8,3,51,0,1,0,2021-03-07
WZ940VTKRR,743,12635,55400,0.2401,0,0,0,7,1,74,0,1,0,2020-01-09
VWY3RZTPLC,777,6466,46451,0.1475,0,0,0,4,2,68,1,0,0,2020-10-24
6PRR7MZAKG,722,5413,23930,0.5424,0,0,0,10,1,38,1,1,0,2021-05-03
MIH6MV4XEK,537,1816,13713,0.3272,0,0,0,8,4,54,0,2,1,2022-12-15
Z83Y0224WK,597,4266,20356,0.3794,0,0,0,8,2,46,0,0,0,2020-04-18
0YEHVDO9KH,698,1417,2687,0.3413,0,0,0,9,0,62,0,2,0,2023-03-09
BA5MF36BCP,527,5025,34114,0.3784,0,0,0,12,0,57,0,1,1,2021-07-28
WEIJMMB5JF,721,2325,7790,0.5277,0,0,0,4,1,53,0,2,0,2023-07-13
YSYZ7PQ4DD,625,6868,34526,0.1987,1,0,0,8,1,47,1,1,0,2023-11-04
V283BDW56F,612,5414,18669,0.3253,1,0,0,9,3,54,0,1,0,2022-10-27
KPS0DXME4P,721,2369,8734,0.2195,0,0,0,7,0,48,0,4,0,2020-12-26
O1I3MSDN1M,694,6179,11120,0.0794,0,0,0,11,2,18,0,1,0,2023-07-17
XF1PI2OOQ4,613,17258,89619,0.361,0,0,1,12,0,61,0,3,0,2021-08-02
2NBFA37DL9,765,4351,12488,0.2921,0,0,0,6,1,59,0,0,0,2021-04-20
FC1XX6CWZX,541,8334,26087,0.164,0,0,0,10,3,65,0,1,0,2020-05-22
SKOYTK06AK,711,1391,2720,0.1453,1,0,1,5,2,70,2,1,1,2021-03-02
T7ZQHT2XZ5,709,6506,19970,0.4182,0,0,1,15,1,79,0,3,0,2023-09-05
2OHKBM00E9,619,3492,23256,0.1342,0,0,0,11,0,60,0,0,0,2021-08-30
KDTS1FB2VI,682,4182,32026,0.3471,0,0,0,11,0,72,0,2,1,2022-08-13
109DCNWMBX,524,7023,26669,0.2457,1,0,0,8,1,65,0,1,0,2022-03-12
EK0Q929U6W,742,4246,25970,0.1886,0,1,0,5,0,56,0,2,0,2020-02-28
TVMK2ZYZSI,631,1862,13632,0.4428,1,1,0,8,2,50,0,3,0,2022-01-16
LU3NDZ3CC5,597,12287,29491,0.0926,0,0,0,8,1,70,0,0,1,2020-04-23
RQNSVSOJRP,754,2058,3090,0.1013,0,0,0,10,5,63,0,2,0,2021-10-27
P7R93FEZEZ,579,2969,6902,0.592,0,0,0,4,0,34,0,0,1,2020-05-23
5EHR07N8VO,509,5307,38091,0.0866,2,0,1,6,0,74,0,0,0,2023-05-22
EUBFN9KR2F,494,5337,14918,0.2673,0,0,0,10,2,37,0,1,1,2023-02-17
VB66H3REM5,710,6353,28227,0.2066,0,0,0,6,0,47,0,0,0,2022-05-06
PUU62RZV1S,521,5323,41186,0.3898,0,1,0,5,0,77,1,0,0,2023-09-01
QQQ5L2XOIO,825,9789,39854,0.3751,0,0,0,9,3,36,1,0,0,2022-10-15
T860X5ZU2Z,441,6595,21412,0.6023,0,1,0,13,2,34,0,0,1,2023-01-27
UEUGWUBUGR,819,2412,17892,0.0978,2,0,0,9,0,31,0,1,1,2021-02-17
6E7GA2IZ5P,671,1033,1342,0.3345,0,0,0,15,2,60,0,0,0,2023-09-07
3VOB5APO4L,640,5381,31261,0.3012,0,0,0,5,2,66,0,1,0,2023-03-08
JEDGFJDLOG,595,11845,44208,0.2085,0,0,0,9,3,66,0,0,0,2023-08-07
WLACOLOLN3,689,2318,14831,0.4492,0,0,0,8,3,56,0,0,1,2022-04-20
EH1VR1NECQ,646,2617,10562,0.1173,0,0,0,9,5,45,0,1,1,2022-02-08
OROI5J8YIT,760,6080,40921,0.3693,1,0,0,5,4,77,0,1,0,2020-08-23
2KODWH8N92,661,6566,24498,0.1732,1,0,0,7,1,28,0,1,0,2022-01-14
TP6QAQ3K8A,665,9637,16034,0.1543,0,0,0,9,3,46,0,1,0,2020-10-06
7RV4NMWVSB,613,13156,45930,0.1785,0,0,0,7,2,55,1,2,0,2020-06-02
0UKOEFUKPV,644,5662,8392,0.1689,0,1,0,8,5,47,0,1,0,2022-09-08
8LYMJ1QI9M,680,2818,2608,0.3899,0,1,0,11,1,74,0,1,1,2022-07-30
QVAYXAR6YO,478,2870,6648,0.3135,0,0,1,9,0,37,0,2,1,2023-03-11
6Z1T2XCB3Y,515,3546,12888,0.1998,0,0,0,6,1,58,0,1,0,2021-12-26
YM33MG1ZAQ,724,9124,13467,0.4051,1,0,0,7,0,38,0,0,0,2022-11-07
7QHAK7MDWK,667,3640,20761,0.7595,0,0,0,10,1,44,0,0,0,2023-06-10
ZIRNK6ZHH3,631,8751,45933,0.2166,0,1,0,13,1,41,0,0,0,2020-07-24
O5URTXUYUC,651,1968,12856,0.0583,1,0,0,11,0,66,0,0,0,2020-07-23
ECJUIS2GY9,684,5838,13510,0.3978,0,0,1,7,2,64,0,0,0,2020-06-11
YTJUQ7X7B7,596,3131,10449,0.0519,1,0,0,13,1,77,0,3,0,2021-02-18
P9JYQN15IK,572,6722,36578,0.5807,0,0,0,6,0,18,0,1,0,2021-12-13
PQAHCUA09P,669,4214,14953,0.2358,1,0,0,8,1,79,0,3,0,2023-02-02
CIFLWDR3VW,552,7930,26807,0.5375,0,0,0,9,4,49,1,1,0,2022-11-03
MJDIMBM271,690,3785,11740,0.3843,1,0,0,10,1,40,0,2,0,2020-09-12
W1WUDCBL4C,479,4838,20439,0.58,2,1,0,8,2,63,0,1,0,2021-07-02
E7PKWCYUKN,752,7981,28417,0.1421,0,0,0,9,1,40,0,1,0,2021-12-01
D1IVXAN25W,697,4623,21285,0.3409,2,0,0,10,0,70,0,1,0,2021-05-27
M72QLGDVC2,675,5089,40219,0.4265,0,0,0,5,0,56,0,1,0,2021-11-28
GUWJP0QI2C,748,7756,32114,0.1228,0,0,0,11,0,62,0,4,0,2021-02-03
LP81L51FLM,816,4693,29625,0.1373,0,0,0,7,3,49,0,2,0,2023-06-14
NAVYCS44PH,751,1899,10470,0.4102,1,0,0,7,5,69,0,0,0,2022-07-05
H62MYZ9VLU,465,3489,16322,0.2775,1,1,0,11,0,24,0,2,0,2020-02-26
8WPFQ2BHAI,522,1549,9356,0.3168,0,0,0,7,4,30,0,2,0,2022-02-04
IWI08L0HG9,587,4230,22334,0.2239,0,0,0,6,0,25,0,1,0,2020-02-21
NCBEKGV1BB,652,6521,6562,0.4558,0,0,0,12,3,50,0,3,0,2020-08-16
HG5ZMTGA46,701,5296,32267,0.126,0,0,0,9,1,35,0,0,0,2023-04-09
AYN2D7KI3X,577,11347,82701,0.6347,0,0,0,8,2,34,0,0,0,2020-01-01
79955CF72G,668,10610,69359,0.1711,2,0,0,9,1,28,0,2,0,2021-10-28
NNV9IBWGT2,574,5733,19181,0.1154,0,0,0,7,0,74,0,0,0,2023-06-23
LB25485HCQ,588,1169,8497,0.1127,0,0,0,5,1,72,0,0,0,2020-12-24
XCS1XSRQLN,509,7352,9275,0.4808,0,0,0,8,1,38,0,0,0,2022-06-16
ZZRJO7VBHH,557,3093,10382,0.2046,1,1,0,10,5,60,2,1,1,2021-01-09
5OL5U7NTED,514,8339,4479,0.7554,0,0,0,9,0,59,0,2,0,2022-08-07
QMVQWPQO2L,552,5928,18948,0.106,0,0,0,6,4,38,0,1,1,2021-02-22
NGIXMC4SX2,755,7285,5895,0.5148,0,0,0,7,0,77,0,2,1,2022-02-15
7DCBHHLK3Y,555,6640,40689,0.6498,0,0,0,3,0,66,0,0,1,2021-05-16
JZ99106AK3,850,20621,52537,0.3117,0,0,0,8,1,61,0,0,0,2022-04-17
2OOUXQS1FO,699,6719,31085,0.1525,1,0,0,8,2,37,0,1,0,2021-10-26
I0RS210Q2L,668,2279,11254,0.4211,0,0,0,10,0,51,0,2,0,2021-11-30
G1ZHQUNUE7,564,9346,26299,0.6172,0,0,0,7,2,66,0,1,0,2022-05-25
A34MPYO2TL,720,3796,8890,0.4023,0,0,0,8,1,67,0,3,0,2023-09-01
A27F8LWVV5,592,11016,51030,0.4152,0,1,0,13,2,67,0,1,0,2020-09-27
9HOTGDUQ6D,662,12403,28459,0.1583,1,1,0,11,1,59,0,2,0,2020-12-25
DTBYRGC8KI,850,7137,11981,0.3897,1,1,0,9,5,61,0,0,0,2022-08-19
XCCSG4OFDT,640,2283,13888,0.3889,1,0,0,7,2,58,0,1,0,2023-06-11
RC85EHPZRV,764,3728,10812,0.2294,0,1,0,9,0,48,0,1,0,2020-04-26
7VSYJAFCO3,579,10986,42380,0.1271,1,0,0,9,2,37,0,2,0,2022-12-10
S65QU0K5QZ,646,16307,119733,0.3403,0,1,0,6,2,50,0,0,0,2021-06-10
ZKW3GI60Q6,827,5100,7418,0.1686,0,0,0,7,1,35,0,0,0,2023-07-08
GUO8I5JWK6,587,4167,4088,0.3858,1,0,0,8,1,22,2,0,0,2023-02-10
Z0HR9T9CD1,831,2420,9009,0.5445,0,0,0,8,4,35,0,1,0,2023-12-29
LQJSQCZ0N0,720,2440,12471,0.1444,1,0,0,9,2,66,0,1,0,2020-06-09
4OAE7L0RCT,593,5651,22554,0.3746,1,0,1,7,0,43,0,3,0,2023-06-25
I8F34GADKT,713,7483,4219,0.7929,0,0,0,12,0,54,0,1,1,2020-11-10
OC1YFMHBYH,747,2013,7132,0.2746,1,0,0,6,1,60,0,1,0,2023-06-19
Z43XZ6OLBA,712,8083,33200,0.0878,0,0,0,12,3,78,1,3,0,2021-11-25
117NIDP9MG,492,11196,85099,0.3803,0,0,0,15,2,45,0,3,0,2022-11-10
YH523GGODL,577,7174,7702,0.2758,0,0,0,7,2,58,0,0,1,2023-08-22
UGHT7EHMGO,625,13249,75004,0.1115,1,0,1,9,1,50,0,1,0,2023-11-20
LOQC3XNCHK,642,6083,21045,0.3189,0,0,0,11,1,44,0,1,0,2023-03-03
V9DT94G8V9,712,6119,43147,0.0222,1,0,0,8,0,64,0,0,0,2021-10-13
ZY9YLW5L4R,667,6049,32940,0.0632,1,0,0,6,2,43,0,2,0,2020-03-03
MVVNXIV9IW,516,11110,38372,0.2282,0,1,0,9,0,40,1,1,1,2021-06-01
6L01WCNKFH,688,6785,35940,0.2314,0,0,0,12,0,40,0,3,1,2020-11-03
B7V80LKX1S,711,3576,13761,0.2583,0,0,0,9,2,41,0,1,0,2022-08-19
9XKA4LIT6X,705,6336,37259,0.1364,0,0,0,4,0,25,0,1,0,2022-10-04
IYZVNLPA5C,758,6374,40960,0.3172,0,0,0,7,0,68,0,0,0,2020-08-20
GWFHDV37IC,733,4326,24665,0.3136,0,1,0,7,0,43,0,1,0,2021-07-27
0LZIGIKQWJ,695,9077,29970,0.1332,1,0,0,6,2,63,0,3,0,2021-02-17
2C9OGPS013,642,5192,3952,0.3314,0,0,0,6,2,57,0,1,0,2022-12-27
2AN417VF0J,483,7503,11533,0.3603,0,0,1,10,2,77,0,0,0,2020-02-20
QQNVCEQFGA,692,6673,26551,0.1717,0,0,0,8,0,35,0,1,0,2023-10-20
S0R778NRXV,670,3179,15542,0.3935,0,0,0,11,2,23,0,1,0,2022-10-03
OB7NUGPJ60,677,2730,3277,0.2133,0,0,0,5,2,58,0,0,0,2020-06-13
SRYZX70IB3,522,3199,12707,0.1289,0,0,0,7,2,29,0,0,1,2022-07-02
WYZXJQYJV8,541,4681,12386,0.0798,0,0,1,5,2,51,0,0,0,2021-01-25
4A1X7OV6SG,755,12770,12918,0.2481,0,2,0,5,1,49,1,0,0,2023-04-25
P3JK8XNLO5,646,4776,15051,0.4442,0,0,0,8,1,27,0,1,1,2023-12-07
0DW1MF07OL,718,6150,32281,0.3208,2,0,0,5,5,44,0,5,0,2022-04-02
93ACZSX0GN,652,8298,52444,0.1265,0,0,0,9,1,51,0,1,0,2020-07-07
ZHG8Q3GCG1,652,3962,24613,0.5186,0,0,0,9,4,20,0,0,0,2022-01-06
J6OWW5FKNJ,743,3832,16589,0.3079,0,0,0,10,0,19,0,1,0,2022-12-17
MVRYDC1AU9,598,9236,11192,0.2206,0,1,0,10,0,72,0,2,0,2022-12-04
DSAV917RMP,659,6911,34329,0.1739,0,0,0,5,2,71,1,0,0,2020-05-18
N6937XNCML,603,3503,3098,0.2288,0,0,0,8,1,72,0,0,0,2023-07-12
DQZ05EV5KZ,606,3837,14150,0.0554,3,0,0,7,1,68,0,1,0,2022-05-01
3NWXROG983,619,5172,28147,0.2377,0,0,0,11,2,62,1,3,0,2021-03-15
AMB3LPVOWC,672,5989,8538,0.5262,0,0,0,5,2,22,0,1,0,2022-11-17
P779460KHF,602,10367,53507,0.343,0,0,0,6,3,66,0,1,0,2020-09-18
SU4SE2KYT5,775,6762,37511,0.2547,1,0,0,7,1,29,0,2,1,2020-09-24
GQEXIH1XDP,560,2724,19554,0.2595,0,0,0,6,0,31,0,1,0,2020-12-31
ZF761HJR6E,631,3066,6517,0.2028,1,0,0,7,1,53,1,0,1,2022-11-07
ET0DY571VX,606,5918,39324,0.0656,1,0,0,8,4,46,0,0,0,2020-07-30
NZ0NXU43IE,794,5354,16490,0.2816,0,0,0,6,3,47,0,2,0,2021-08-24
DD070EN48U,669,2961,10097,0.1763,0,0,0,14,3,64,1,2,0,2021-10-15
ACT49LNY2S,753,9244,71534,0.3095,1,0,0,9,3,70,1,1,0,2020-06-08
VHOTQF74RQ,501,1275,5496,0.3047,0,0,0,6,0,25,0,1,0,2020-01-23
VFX2ZVL9E9,676,6011,42227,0.1906,0,0,0,9,3,23,0,0,0,2020-12-27
ZR3RZN9L3H,738,1942,11146,0.2443,0,0,0,4,3,62,0,0,0,2023-10-26
03ZB5GRO9X,658,8336,30365,0.1949,0,0,0,11,2,25,0,0,0,2020-04-15
49TMY91OTK,756,4192,3454,0.7468,0,0,1,11,0,67,0,1,0,2020-08-27
ZH4OE1U24Z,598,7697,32290,0.1237,0,0,0,9,1,20,1,3,0,2021-07-01
QFEZKFH00A,790,3887,12860,0.3973,2,0,1,11,2,24,0,1,0,2022-12-20
0UY9F8P47D,850,10888,48286,0.1614,0,0,0,6,0,66,0,1,0,2020-11-06
9GB9XV8WOB,613,1604,9597,0.3523,0,0,0,12,0,63,0,2,0,2020-04-21
IRY8XNY2X1,605,8330,37725,0.1052,0,0,1,12,3,48,0,1,1,2021-03-20
5XJXNECRYS,795,3412,18880,0.073,0,0,0,6,0,51,0,2,0,2020-04-29
AUUJ02GRXP,807,6155,35366,0.2617,0,0,0,12,0,53,0,1,0,2020-04-21
UDC62G3AUT,597,6312,40055,0.1944,0,0,0,8,3,28,0,1,0,2022-12-13
3RSVZ2E186,607,2131,11450,0.2941,1,0,0,9,3,59,1,0,0,2020-05-25
GVGT2EEHFU,621,8941,63529,0.4904,0,0,0,6,0,63,0,0,0,2022-08-09
4B9SNTP8AK,515,6224,17115,0.269,0,0,0,11,1,40,0,0,0,2022-09-25
8S2XQUZS9M,558,5271,35675,0.1639,1,1,0,7,0,44,0,2,0,2023-12-06
THD3IGK38V,549,6192,32431,0.2877,0,0,0,6,4,70,0,0,0,2020-08-09
HMEWCJN6OC,573,5298,27019,0.1018,0,0,0,7,5,49,0,0,1,2022-03-27
JPZTC09ZGN,646,8109,15389,0.3951,1,0,0,8,0,20,0,0,0,2020-06-10
X3VPF9PAVC,673,3703,25293,0.1627,1,0,0,9,3,77,0,3,0,2021-03-22
EDTCXNMJ5I,805,8116,40676,0.1525,1,1,0,14,2,59,1,1,0,2022-04-01
AN8ND7G0L3,550,6928,12860,0.195,0,1,0,11,3,40,0,0,0,2022-08-17
RTZ5TV6G8O,748,4432,3870,0.4531,0,0,0,12,1,45,1,1,0,2020-11-24
M08TV4REAS,628,14879,61736,0.2766,1,0,0,8,0,30,0,1,0,2021-08-28
FEN0B09ZIV,645,6444,16881,0.222,0,0,0,7,3,38,0,0,0,2020-10-25
ZG92SJP753,717,5524,15052,0.1983,1,0,1,7,3,30,0,3,0,2021-08-29
K48OLDC08F,537,6935,7476,0.4163,0,0,0,8,3,42,0,2,0,2020-03-15
C0TR58PS0R,688,4615,10044,0.0156,0,0,0,8,1,25,0,0,0,2021-08-28
S95ZOW60ZZ,666,10103,78352,0.3637,0,1,0,7,0,35,0,4,0,2023-08-10
0I0835TVV8,699,4852,22797,0.465,1,0,1,5,0,65,0,1,0,2023-04-05
Y5SIC4S8PN,678,8035,36265,0.3378,0,1,1,7,2,60,0,0,0,2020-06-29
NE6IT1EKKH,850,2589,11114,0.0547,0,0,0,3,1,55,0,1,0,2023-06-05
0UHK7X3BQW,586,1673,10484,0.2714,0,0,0,6,1,78,0,1,0,2022-10-04
RMWLMA6GMD,596,6257,34851,0.2729,0,0,0,13,1,79,0,2,0,2023-01-24
RDSFERFXIO,587,3903,7563,0.026,0,0,0,10,2,50,1,0,0,2021-06-18
KPG3DP4FMP,594,4378,18648,0.2353,1,0,0,13,3,32,0,1,0,2022-01-16
M5HGBO06FH,586,1206,7015,0.2889,0,0,0,10,3,43,0,2,0,2023-01-31
RXJPT2ZL15,768,13634,52909,0.2828,0,0,0,10,2,36,0,1,0,2023-08-12
S74NDDAFS1,792,5232,23885,0.2859,1,1,0,5,3,70,0,1,0,2020-07-23
IYM90PKR1I,592,10946,12141,0.3565,0,1,0,13,2,48,0,1,1,2021-10-21
FSI159I3HZ,566,2131,1258,0.3045,0,2,0,5,1,72,0,0,0,2021-05-04
3ZSG9VWIEB,697,5214,32672,0.1474,2,0,0,7,1,32,0,0,1,2021-03-31
97PWDBOLWI,594,6276,39619,0.2635,0,0,0,12,1,68,0,0,0,2022-10-22
MRSXKJKMPL,713,5326,22982,0.1824,1,1,0,10,1,28,0,0,0,2021-03-12
BBB0HQ6DG8,670,5653,37392,0.0747,0,0,0,10,1,43,0,3,0,2021-06-15
NKDAT5L0N2,498,2134,13579,0.3996,0,0,0,9,0,29,0,0,0,2020-07-14
TNXHN5E0EV,804,5944,18920,0.1581,0,0,0,8,0,27,0,3,0,2021-02-25
6XGZ7CTM09,829,2964,12390,0.0386,1,0,0,10,0,36,0,1,0,2021-09-26
HZBGTJ5469,588,3392,13762,0.6466,0,1,1,4,0,41,0,1,0,2021-04-04
6QZ6CP7SAV,611,4963,3208,0.1945,0,0,0,11,0,70,0,1,0,2022-03-28
ZEBU2Y0OY5,678,3979,1995,0.272,1,0,0,13,0,60,0,2,0,2023-10-19
8F1N2OJGFH,683,4118,27952,0.057,0,0,0,4,0,39,0,2,0,2020-12-23
Z52QZSKHZT,715,9646,75561,0.3263,0,0,0,5,0,45,0,0,0,2023-11-08
GBIBF57J2X,850,4475,27615,0.5918,1,0,0,3,0,56,0,1,0,2021-03-20
I3TAMVNCZT,632,3873,4014,0.5777,1,0,0,0,1,37,0,0,1,2022-02-21
ZOWLC33H8G,570,4565,23122,0.2676,1,0,0,7,0,20,0,2,0,2022-03-01
8T922D0NX5,512,2522,13100,0.1934,0,0,0,6,0,61,0,1,0,2021-04-02
WT3HJU31FI,576,5418,13641,0.3147,0,0,0,6,0,38,1,0,0,2023-08-25
0N6DGG5GR0,646,7578,31488,0.3288,0,0,0,9,0,51,0,1,0,2021-11-14
XAFGOVCCI6,829,5933,3534,0.1624,1,0,0,12,1,68,0,2,0,2023-02-16
8DS03VNA31,598,5024,20152,0.3393,0,0,0,12,0,44,0,0,0,2020-03-13
XBIDFWA88D,672,7050,17779,0.2523,0,0,0,9,0,77,0,2,0,2022-06-28
0MZHRUPFLF,648,3524,7494,0.1488,0,0,0,7,0,47,0,0,0,2021-01-06
CYWE3DKS4F,768,5031,39281,0.4605,0,0,1,8,0,54,0,2,0,2020-09-05
6APFXI5N53,850,11372,63087,0.548,1,0,0,8,2,19,1,1,1,2021-12-18
EGDD8MWE77,596,4119,29631,0.2458,0,0,0,13,4,45,0,2,0,2022-07-15
6VGTVYFYK3,601,7077,11263,0.3025,2,0,0,10,2,76,0,2,0,2021-03-25
MD6X73ZCA7,754,7184,15954,0.0597,0,0,0,8,1,37,1,0,0,2023-09-08
FXLOZ2RCU8,718,3119,23241,0.3943,2,0,0,4,3,34,0,2,0,2020-11-20
KD9GNLPYO2,834,7426,19363,0.2869,0,1,0,12,1,53,0,2,0,2022-02-05
M2XIPRTT3N,708,3414,24220,0.2659,2,1,0,7,3,37,0,1,0,2020-02-26
UPUY0ZIA9A,614,6357,38419,0.1878,0,0,0,10,1,57,0,1,0,2020-01-07
U87CM453KF,709,3382,2648,0.1955,0,1,1,8,3,53,0,2,0,2023-12-09
486I3CE8ZN,760,5817,9541,0.0429,0,0,0,8,1,28,0,0,0,2021-09-10
A8NZXC45BN,732,5310,24864,0.5064,0,0,0,12,1,38,0,0,0,2021-10-05
CCU3FG00ZK,700,5256,38778,0.3327,0,0,1,8,1,68,0,0,0,2021-06-08
OM2ZKF5B1S,756,5785,27891,0.2621,0,0,0,11,2,60,0,0,0,2020-03-01
A3Y5T37SZP,766,3574,20515,0.1908,0,0,0,5,1,40,0,0,0,2021-01-25
F9S9EHWHG0,788,2441,13557,0.3606,0,0,0,16,2,73,0,0,0,2021-12-12
U43QLX3F2X,714,5161,6989,0.5076,0,0,0,5,3,76,0,1,0,2023-05-12
HDCV4BKTCV,633,9525,64011,0.1136,0,0,1,3,0,53,0,2,0,2021-06-12
1LTWBJ9UU2,664,6974,41774,0.0707,1,1,2,10,1,39,0,0,1,2021-03-25
BL7AMKOH10,770,6427,18643,0.1954,1,1,0,7,0,43,0,4,0,2023-08-01
9ZDO0D3FVN,568,3617,14304,0.0957,0,0,0,8,2,69,0,0,0,2021-08-02
V4KFQ5DZ53,686,5496,22531,0.3759,0,0,0,6,0,66,0,1,0,2020-11-08
X1F8S0X7M2,610,2986,19280,0.0766,0,0,0,6,2,75,0,0,0,2023-06-04
MM4P61NHVC,652,3811,29122,0.5304,1,0,0,10,0,34,0,0,0,2022-05-11
FWR2F5T82D,777,6089,42218,0.2982,0,0,0,7,2,58,0,1,0,2021-05-30
DL7FKNDG1J,669,1652,6757,0.4536,2,0,0,9,1,49,0,2,0,2022-08-26
RJ5XFEUB4O,654,13873,42113,0.4,0,0,0,10,0,42,0,3,0,2022-05-22
47EN48NYSJ,514,2207,4928,0.1896,0,0,0,5,0,67,0,1,0,2022-04-14
5YWX0I3A4K,724,15263,86211,0.3628,0,0,0,6,5,73,0,1,1,2020-05-26
FOCNQDQX6Q,714,2971,10790,0.1878,0,0,0,10,3,23,0,1,0,2022-09-29
D0771HLL9R,850,2953,4627,0.2683,0,0,0,5,1,33,0,1,0,2023-09-14
ZRKBFQXLBV,619,3871,3363,0.2572,0,0,1,4,5,52,0,0,0,2021-07-15
N7NPRB58YJ,671,3775,18370,0.1553,1,0,1,4,0,36,0,1,0,2023-03-04
WDCOKZ5SYJ,674,3418,24099,0.7566,0,0,0,8,0,36,1,2,0,2023-05-21
3D6M1FMPRY,807,3934,11725,0.4296,0,0,0,5,0,23,1,4,0,2021-08-12
FZMYOA2VCY,640,5192,10829,0.1224,0,0,0,7,2,41,0,1,0,2022-06-02
WL9700LFQF,677,2868,12249,0.1641,0,0,0,5,1,71,0,2,1,2021-03-06
5E8OSAQ3EQ,710,8139,50014,0.2987,2,0,0,9,0,41,0,1,0,2020-02-25
8DH9PTFNM8,668,11468,8760,0.2626,1,0,0,8,0,50,1,1,0,2022-06-22
8UA3A6S5ZX,605,1530,10824,0.5411,0,0,0,7,4,50,0,0,0,2022-03-17
QOMTS1EGPG,669,14961,118682,0.4322,0,0,0,10,0,57,0,1,0,2021-02-11
VTN4YPKW74,757,7812,30059,0.2954,0,0,0,5,2,50,0,0,0,2020-11-26
93DXWOR17D,547,5736,39194,0.2547,0,0,0,10,1,70,0,0,0,2020-05-11
PUBKPIQNHQ,663,3482,12666,0.4241,0,0,0,7,1,69,0,1,0,2022-12-13
E86O3Z0ANI,579,5431,6998,0.1094,0,0,0,5,0,73,0,1,0,2021-11-01
K5J42OI6OA,769,8420,35933,0.0721,1,0,1,7,3,59,0,0,0,2020-03-01
FN33VM89I9,497,23528,43092,0.1828,0,0,1,14,2,55,0,1,0,2023-06-01
GX32UEW9G6,594,18309,35426,0.1829,1,0,0,11,0,63,1,1,0,2021-02-26
SPD2SW24WJ,687,1964,12697,0.5269,0,1,0,6,3,39,0,1,0,2023-10-29
T8HDPWVBZ7,806,4338,5518,0.348,0,0,0,10,4,79,0,0,0,2022-08-23
CN0EQWMI6K,643,5148,13920,0.56,1,0,0,8,5,67,0,4,0,2022-01-15
TI221XJ7WW,594,11005,35404,0.365,0,0,0,7,3,68,0,0,0,2020-10-22
UDQVDK6DRN,838,4673,34203,0.4604,0,0,0,5,2,18,0,2,0,2021-02-16
4ORAC8CYNL,505,3123,15849,0.1553,0,0,0,9,1,44,0,1,0,2023-10-13
63GAGUVB99,430,5075,4691,0.4861,0,0,0,6,1,77,0,0,0,2020-12-12
RWTF07GBAS,694,3900,10171,0.1252,0,0,0,7,2,38,0,0,0,2023-09-11
F5EHLH07JR,599,8883,8695,0.1602,1,0,0,14,1,57,0,2,0,2020-11-18
8MTK0RSOGG,547,20589,123935,0.2401,0,1,0,9,1,75,0,0,0,2022-08-23
Y5KOV1L28R,720,8487,16609,0.3938,0,0,0,6,1,21,0,1,0,2021-12-24
5P03WVPUNW,674,8695,18890,0.0971,1,0,0,5,0,38,0,0,1,2021-09-19
CGBSVK3X8M,593,10314,14496,0.134,2,0,1,7,1,79,0,1,0,2021-08-05
BGL2MCXN2E,521,6455,36562,0.1821,0,0,0,6,3,56,0,0,0,2023-09-08
LALQ26UNVS,737,3869,16965,0.273,0,0,0,10,0,30,0,0,0,2022-10-06
DKV54C6P1L,715,4104,10203,0.3108,0,0,0,10,0,21,0,0,0,2023-01-05
LH2R9PEGLN,640,9486,61130,0.2085,0,0,0,6,2,70,0,1,0,2023-09-18
UKX496K4O6,834,5845,28441,0.1924,1,0,1,12,2,60,0,0,0,2021-12-30
7BXCD20J1O,542,2726,5076,0.1769,1,0,1,3,0,29,0,0,0,2020-06-22
ULWOZQ48EN,497,10780,6884,0.3441,0,0,0,7,1,24,0,5,1,2023-08-11
WBBADLYPGG,580,3088,3631,0.1407,0,0,0,5,1,57,0,1,0,2023-01-25
6N6975J2D8,645,2498,7516,0.3463,1,0,0,8,3,50,0,1,0,2020-11-25
CLW3JGEQE5,674,2904,3161,0.3239,0,0,1,4,2,71,0,0,0,2022-05-01
158OQESUX9,625,5906,13747,0.1839,1,0,0,4,1,63,0,1,0,2020-06-11
L0IJKCU5X0,685,8809,9514,0.2206,1,1,0,7,1,77,1,1,0,2021-03-15
HC8CAH3GDH,524,5726,6060,0.2876,1,0,0,2,4,30,0,0,0,2021-04-30
VS41LQFS6H,794,3518,9890,0.3596,0,0,1,5,2,50,0,3,0,2021-02-07
N95S2GKFL5,641,3026,13168,0.3505,1,0,0,13,0,31,0,1,1,2021-12-30
XF50I6GBXQ,761,7806,24006,0.1544,0,0,0,8,3,64,0,0,0,2023-06-15
J7DPFSSBJD,684,4648,5906,0.233,0,0,0,3,0,70,1,3,0,2022-04-12
X0PKOVTRPY,695,6030,5521,0.3254,0,0,0,8,2,28,0,0,1,2020-12-11
X8HBBJCDIW,706,4518,8896,0.0553,0,0,0,7,2,73,0,1,0,2022-11-25
ZOD05JH2MK,694,5882,33809,0.3758,1,0,0,9,3,34,0,0,0,2023-05-07
V0DSZRK6IL,714,6211,34237,0.2946,0,0,0,10,2,34,1,1,1,2022-07-13
CG6FARMGJC,782,21061,151824,0.0612,1,0,0,12,1,44,0,2,0,2020-09-13
Y4V8URID3U,669,6257,45944,0.3069,1,0,0,10,1,41,0,2,0,2020-09-04
94SGFDK0Q0,720,3895,24498,0.3414,0,0,0,7,0,69,0,0,0,2021-06-19
9JRNAMZ614,641,5460,3427,0.3225,0,0,0,7,5,43,0,0,0,2021-05-09
6VEY0A94XF,794,2780,3651,0.1304,0,1,0,7,0,50,0,0,1,2022-08-02
RI09M0G8W8,582,2765,16725,0.0581,0,0,0,7,0,43,0,2,0,2020-11-13
5Y6Q8SJY5O,830,10402,69670,0.2674,0,1,0,9,2,44,0,0,0,2023-10-26
P9LBSMWPQ8,645,5898,30011,0.1283,0,1,0,10,2,32,0,1,0,2023-05-22
2K8RYQF8WX,506,9618,31046,0.322,0,0,1,6,3,71,0,1,0,2022-08-19
KK2ABKVBLP,662,1853,3485,0.3054,0,0,0,10,0,76,0,1,0,2020-01-16
XAJMK4X1FD,581,2737,15254,0.1223,1,0,0,10,1,60,0,2,0,2020-08-28
J9HVCHRM3W,734,5877,21126,0.1306,0,0,0,10,0,61,0,1,0,2020-09-04
P8DJKLUYLU,584,2997,9835,0.4196,0,1,0,14,0,65,0,0,0,2021-09-03
YHETKDUWTN,605,2091,8414,0.2805,0,1,0,13,0,70,1,0,1,2023-10-28
5PEPL7ZQPP,461,2572,17419,0.2926,0,0,0,6,1,40,0,1,0,2020-06-19
OAU8P1WKIS,604,4053,21562,0.4492,0,0,0,11,1,27,0,1,0,2022-09-23
ETUK1OOA35,407,6297,29376,0.3983,0,1,0,7,1,47,0,0,0,2020-07-05
QBB3XMDKRL,491,13754,39847,0.0503,2,0,0,9,0,58,0,0,0,2023-10-02
C0Y0BHF0RI,726,2613,7687,0.0892,0,0,0,3,2,50,0,1,0,2020-05-14
Y4KL9ARYEA,728,2695,21320,0.5513,0,0,0,5,0,73,0,2,0,2023-03-13
VEDHR3PCEO,692,2057,8306,0.0661,0,0,0,7,0,33,0,0,0,2020-03-22
934T3Y4WPW,553,6931,15506,0.0397,0,0,0,6,2,42,0,1,0,2021-11-20
G3XG0TRKY8,645,5296,31307,0.2119,0,0,0,6,1,30,0,0,0,2023-10-10
RYOZDPPBQU,649,2754,16880,0.245,0,1,0,7,1,70,0,0,0,2023-12-06
AKX6WB68Q0,534,2985,9990,0.5091,1,0,0,12,0,46,0,0,0,2022-05-08
J9M4SMZOCX,800,4562,29207,0.1218,1,0,1,12,0,33,1,1,0,2023-12-04
MZMZ2K1KO6,737,4720,33155,0.4127,0,0,0,13,0,21,0,1,0,2021-12-26
XNQXU71SEL,627,2633,17700,0.1422,0,0,0,9,0,20,0,1,0,2022-09-13
8MWOB4FDD7,652,5466,5699,0.4994,0,0,0,7,2,41,0,1,0,2022-11-18
R1930I6G61,670,2152,13864,0.1473,0,0,0,10,0,72,0,0,0,2020-09-18
PCWE4C1V47,445,5061,17759,0.3213,0,1,0,6,2,42,0,0,0,2022-05-06
LZN9UHJPKH,625,4418,5743,0.2747,0,0,0,7,4,32,0,2,0,2021-11-20
F33GUWYH36,581,6252,44962,0.1413,0,0,0,9,1,52,0,0,0,2022-04-11
MOTCG06XR3,549,10165,42387,0.0432,1,0,0,7,0,24,0,0,0,2022-06-27
URMWUECPNC,621,3934,27843,0.0902,0,0,0,8,0,45,0,0,0,2023-11-27
C2KEIVLI77,829,4915,24523,0.0546,1,0,0,5,1,53,0,0,0,2023-10-10
JZC58CU47S,714,1497,4401,0.0494,1,0,0,7,1,18,0,2,0,2022-01-06
OCZDQ7JBMJ,592,16043,77562,0.1848,0,0,0,13,2,29,0,1,0,2022-03-04
M1FT07X5IC,707,1609,12365,0.246,0,0,1,8,4,55,0,0,0,2023-05-13
